IndicatorCode,Indicator,ValueType,ParentLocationCode,ParentLocation,Location type,SpatialDimValueCode,Location,Period type,Period,IsLatestYear,Dim1 type,Dim1,Dim1ValueCode,Dim2 type,Dim2,Dim2ValueCode,Dim3 type,Dim3,Dim3ValueCode,DataSourceDimValueCode,DataSource,FactValueNumericPrefix,FactValueNumeric,FactValueUoM,FactValueNumericLowPrefix,FactValueNumericLow,FactValueNumericHighPrefix,FactValueNumericHigh,Value,FactValueTranslationID,FactComments,Language,DateModified
NCD_BMI_30C,"Prevalence of obesity among adults, BMI &GreaterEqual; 30 (crude estimate) (%)",numeric,AFR,Africa,Country,MLI,Mali,Year,2022,true,Sex,Both sexes,SEX_BTSX,Age Group,18+  years,AGEGROUP_YEARS18-PLUS,,,,,,,9.95,,,7.7,,12.76,10.0 [7.7-12.8],,,EN,2024-02-28T23:00:00.000Z
NCD_BMI_30C,"Prevalence of obesity among adults, BMI &GreaterEqual; 30 (crude estimate) (%)",numeric,AFR,Africa,Country,GNB,Guinea-Bissau,Year,2022,true,Sex,Both sexes,SEX_BTSX,Age Group,18+  years,AGEGROUP_YEARS18-PLUS,,,,,,,10.08,,,6.8,,14.39,10.1 [6.8-14.4],,,EN,2024-02-28T23:00:00.000Z
NCD_BMI_30C,"Prevalence of obesity among adults, BMI &GreaterEqual; 30 (crude estimate) (%)",numeric,AMR,Americas,Country,HTI,Haiti,Year,2022,true,Sex,Both sexes,SEX_BTSX,Age Group,18+  years,AGEGROUP_YEARS18-PLUS,,,,,,,10.23,,,8.03,,12.79,10.2 [8.0-12.8],,,EN,2024-02-28T23:00:00.000Z
NCD_BMI_30C,"Prevalence of obesity among adults, BMI &GreaterEqual; 30 (crude estimate) (%)",numeric,AFR,Africa,Country,TGO,Togo,Year,2022,true,Sex,Both sexes,SEX_BTSX,Age Group,18+  years,AGEGROUP_YEARS18-PLUS,,,,,,,10.45,,,9.01,,11.97,10.4 [9.0-12.0],,,EN,2024-02-28T23:00:00.000Z
NCD_BMI_30C,"Prevalence of obesity among adults, BMI &GreaterEqual; 30 (crude estimate) (%)",numeric,AFR,Africa,Country,AGO,Angola,Year,2022,true,Sex,Both sexes,SEX_BTSX,Age Group,18+  years,AGEGROUP_YEARS18-PLUS,,,,,,,10.54,,,6.93,,14.87,10.5 [6.9-14.9],,,EN,2024-02-28T23:00:00.000Z
NCD_BMI_30C,"Prevalence of obesity among adults, BMI &GreaterEqual; 30 (crude estimate) (%)",numeric,AFR,Africa,Country,CIV,Cote d'Ivoire,Year,2022,true,Sex,Both sexes,SEX_BTSX,Age Group,18+  years,AGEGROUP_YEARS18-PLUS,,,,,,,10.59,,,8.41,,13.28,10.6 [8.4-13.3],,,EN,2024-02-28T23:00:00.000Z
NCD_BMI_30C,"Prevalence of obesity among adults, BMI &GreaterEqual; 30 (crude estimate) (%)",numeric,SEAR,South-East Asia,Country,LKA,Sri Lanka,Year,2022,true,Sex,Both sexes,SEX_BTSX,Age Group,18+  years,AGEGROUP_YEARS18-PLUS,,,,,,,10.61,,,9.02,,12.34,10.6 [9.0-12.3],,,EN,2024-02-28T23:00:00.000Z
NCD_BMI_30C,"Prevalence of obesity among adults, BMI &GreaterEqual; 30 (crude estimate) (%)",numeric,AFR,Africa,Country,NGA,Nigeria,Year,2022,true,Sex,Both sexes,SEX_BTSX,Age Group,18+  years,AGEGROUP_YEARS18-PLUS,,,,,,,10.84,,,9.1,,12.77,10.8 [9.1-12.8],,,EN,2024-02-28T23:00:00.000Z
NCD_BMI_30C,"Prevalence of obesity among adults, BMI &GreaterEqual; 30 (crude estimate) (%)",numeric,SEAR,South-East Asia,Country,PRK,Democratic People's Republic of Korea,Year,2022,true,Sex,Both sexes,SEX_BTSX,Age Group,18+  years,AGEGROUP_YEARS18-PLUS,,,,,,,10.87,,,5.68,,17.67,10.9 [5.7-17.7],,,EN,2024-02-28T23:00:00.000Z
NCD_BMI_30C,"Prevalence of obesity among adults, BMI &GreaterEqual; 30 (crude estimate) (%)",numeric,EMR,Eastern Mediterranean,Country,DJI,Djibouti,Year,2022,true,Sex,Both sexes,SEX_BTSX,Age Group,18+  years,AGEGROUP_YEARS18-PLUS,,,,,,,10.87,,,5.86,,17.45,10.9 [5.9-17.4],,,EN,2024-02-28T23:00:00.000Z
NCD_BMI_30C,"Prevalence of obesity among adults, BMI &GreaterEqual; 30 (crude estimate) (%)",numeric,EUR,Europe,Country,FRA,France,Year,2022,true,Sex,Both sexes,SEX_BTSX,Age Group,18+  years,AGEGROUP_YEARS18-PLUS,,,,,,,10.92,,,9.59,,12.36,10.9 [9.6-12.4],,,EN,2024-02-28T23:00:00.000Z
NCD_BMI_30C,"Prevalence of obesity among adults, BMI &GreaterEqual; 30 (crude estimate) (%)",numeric,AFR,Africa,Country,KEN,Kenya,Year,2022,true,Sex,Both sexes,SEX_BTSX,Age Group,18+  years,AGEGROUP_YEARS18-PLUS,,,,,,,11.04,,,9.69,,12.45,11.0 [9.7-12.5],,,EN,2024-02-28T23:00:00.000Z
NCD_BMI_30C,"Prevalence of obesity among adults, BMI &GreaterEqual; 30 (crude estimate) (%)",numeric,AFR,Africa,Country,TZA,United Republic of Tanzania,Year,2022,true,Sex,Both sexes,SEX_BTSX,Age Group,18+  years,AGEGROUP_YEARS18-PLUS,,,,,,,11.39,,,9.25,,13.82,11.4 [9.2-13.8],,,EN,2024-02-28T23:00:00.000Z
NCD_BMI_30C,"Prevalence of obesity among adults, BMI &GreaterEqual; 30 (crude estimate) (%)",numeric,SEAR,South-East Asia,Country,IDN,Indonesia,Year,2022,true,Sex,Both sexes,SEX_BTSX,Age Group,18+  years,AGEGROUP_YEARS18-PLUS,,,,,,,11.5,,,9.75,,13.42,11.5 [9.8-13.4],,,EN,2024-02-28T23:00:00.000Z
NCD_BMI_30C,"Prevalence of obesity among adults, BMI &GreaterEqual; 30 (crude estimate) (%)",numeric,EMR,Eastern Mediterranean,Country,YEM,Yemen,Year,2022,true,Sex,Both sexes,SEX_BTSX,Age Group,18+  years,AGEGROUP_YEARS18-PLUS,,,,,,,11.56,,,8.74,,15.05,11.6 [8.7-15.0],,,EN,2024-02-28T23:00:00.000Z
NCD_BMI_30C,"Prevalence of obesity among adults, BMI &GreaterEqual; 30 (crude estimate) (%)",numeric,SEAR,South-East Asia,Country,BTN,Bhutan,Year,2022,true,Sex,Both sexes,SEX_BTSX,Age Group,18+  years,AGEGROUP_YEARS18-PLUS,,,,,,,11.98,,,10.08,,14.03,12.0 [10.1-14.0],,,EN,2024-02-28T23:00:00.000Z
NCD_BMI_30C,"Prevalence of obesity among adults, BMI &GreaterEqual; 30 (crude estimate) (%)",numeric,AFR,Africa,Country,GHA,Ghana,Year,2022,true,Sex,Both sexes,SEX_BTSX,Age Group,18+  years,AGEGROUP_YEARS18-PLUS,,,,,,,12.11,,,10.38,,13.98,12.1 [10.4-14.0],,,EN,2024-02-28T23:00:00.000Z
NCD_BMI_30C,"Prevalence of obesity among adults, BMI &GreaterEqual; 30 (crude estimate) (%)",numeric,AFR,Africa,Country,ZWE,Zimbabwe,Year,2022,true,Sex,Both sexes,SEX_BTSX,Age Group,18+  years,AGEGROUP_YEARS18-PLUS,,,,,,,12.43,,,10.02,,15.1,12.4 [10.0-15.1],,,EN,2024-02-28T23:00:00.000Z
NCD_BMI_30C,"Prevalence of obesity among adults, BMI &GreaterEqual; 30 (crude estimate) (%)",numeric,EMR,Eastern Mediterranean,Country,SOM,Somalia,Year,2022,true,Sex,Both sexes,SEX_BTSX,Age Group,18+  years,AGEGROUP_YEARS18-PLUS,,,,,,,12.7,,,8.79,,17.31,12.7 [8.8-17.3],,,EN,2024-02-28T23:00:00.000Z
NCD_BMI_30C,"Prevalence of obesity among adults, BMI &GreaterEqual; 30 (crude estimate) (%)",numeric,AFR,Africa,Country,GMB,Gambia,Year,2022,true,Sex,Both sexes,SEX_BTSX,Age Group,18+  years,AGEGROUP_YEARS18-PLUS,,,,,,,13.22,,,10.82,,15.98,13.2 [10.8-16.0],,,EN,2024-02-28T23:00:00.000Z
NCD_BMI_30C,"Prevalence of obesity among adults, BMI &GreaterEqual; 30 (crude estimate) (%)",numeric,AFR,Africa,Country,CMR,Cameroon,Year,2022,true,Sex,Both sexes,SEX_BTSX,Age Group,18+  years,AGEGROUP_YEARS18-PLUS,,,,,,,13.35,,,11.2,,15.72,13.4 [11.2-15.7],,,EN,2024-02-28T23:00:00.000Z
NCD_BMI_30C,"Prevalence of obesity among adults, BMI &GreaterEqual; 30 (crude estimate) (%)",numeric,WPR,Western Pacific,Country,SGP,Singapore,Year,2022,true,Sex,Both sexes,SEX_BTSX,Age Group,18+  years,AGEGROUP_YEARS18-PLUS,,,,,,,13.54,,,11.15,,16.32,13.5 [11.2-16.3],,,EN,2024-02-28T23:00:00.000Z
NCD_BMI_30C,"Prevalence of obesity among adults, BMI &GreaterEqual; 30 (crude estimate) (%)",numeric,EUR,Europe,Country,CHE,Switzerland,Year,2022,true,Sex,Both sexes,SEX_BTSX,Age Group,18+  years,AGEGROUP_YEARS18-PLUS,,,,,,,13.74,,,11.58,,16.05,13.7 [11.6-16.1],,,EN,2024-02-28T23:00:00.000Z
NCD_BMI_30C,"Prevalence of obesity among adults, BMI &GreaterEqual; 30 (crude estimate) (%)",numeric,EUR,Europe,Country,DNK,Denmark,Year,2022,true,Sex,Both sexes,SEX_BTSX,Age Group,18+  years,AGEGROUP_YEARS18-PLUS,,,,,,,14.3,,,12.2,,16.63,14.3 [12.2-16.6],,,EN,2024-02-28T23:00:00.000Z
NCD_BMI_30C,"Prevalence of obesity among adults, BMI &GreaterEqual; 30 (crude estimate) (%)",numeric,SEAR,South-East Asia,Country,THA,Thailand,Year,2022,true,Sex,Both sexes,SEX_BTSX,Age Group,18+  years,AGEGROUP_YEARS18-PLUS,,,,,,,14.51,,,12.64,,16.54,14.5 [12.6-16.5],,,EN,2024-02-28T23:00:00.000Z
NCD_BMI_30C,"Prevalence of obesity among adults, BMI &GreaterEqual; 30 (crude estimate) (%)",numeric,AFR,Africa,Country,STP,Sao Tome and Principe,Year,2022,true,Sex,Both sexes,SEX_BTSX,Age Group,18+  years,AGEGROUP_YEARS18-PLUS,,,,,,,15.04,,,12.74,,17.42,15.0 [12.7-17.4],,,EN,2024-02-28T23:00:00.000Z
NCD_BMI_30C,"Prevalence of obesity among adults, BMI &GreaterEqual; 30 (crude estimate) (%)",numeric,AFR,Africa,Country,CPV,Cabo Verde,Year,2022,true,Sex,Both sexes,SEX_BTSX,Age Group,18+  years,AGEGROUP_YEARS18-PLUS,,,,,,,15.09,,,12.97,,17.36,15.1 [13.0-17.4],,,EN,2024-02-28T23:00:00.000Z
NCD_BMI_30C,"Prevalence of obesity among adults, BMI &GreaterEqual; 30 (crude estimate) (%)",numeric,AFR,Africa,Country,NAM,Namibia,Year,2022,true,Sex,Both sexes,SEX_BTSX,Age Group,18+  years,AGEGROUP_YEARS18-PLUS,,,,,,,15.29,,,11.72,,19.33,15.3 [11.7-19.3],,,EN,2024-02-28T23:00:00.000Z
NCD_BMI_30C,"Prevalence of obesity among adults, BMI &GreaterEqual; 30 (crude estimate) (%)",numeric,AFR,Africa,Country,COM,Comoros,Year,2022,true,Sex,Both sexes,SEX_BTSX,Age Group,18+  years,AGEGROUP_YEARS18-PLUS,,,,,,,15.55,,,12.22,,19.19,15.5 [12.2-19.2],,,EN,2024-02-28T23:00:00.000Z
NCD_BMI_30C,"Prevalence of obesity among adults, BMI &GreaterEqual; 30 (crude estimate) (%)",numeric,EMR,Eastern Mediterranean,Country,SDN,Sudan,Year,2022,true,Sex,Both sexes,SEX_BTSX,Age Group,18+  years,AGEGROUP_YEARS18-PLUS,,,,,,,15.5,,,12.78,,18.4,15.5 [12.8-18.4],,,EN,2024-02-28T23:00:00.000Z
NCD_BMI_30C,"Prevalence of obesity among adults, BMI &GreaterEqual; 30 (crude estimate) (%)",numeric,AFR,Africa,Country,LBR,Liberia,Year,2022,true,Sex,Both sexes,SEX_BTSX,Age Group,18+  years,AGEGROUP_YEARS18-PLUS,,,,,,,16.21,,,14.45,,18.08,16.2 [14.4-18.1],,,EN,2024-02-28T23:00:00.000Z
NCD_BMI_30C,"Prevalence of obesity among adults, BMI &GreaterEqual; 30 (crude estimate) (%)",numeric,EUR,Europe,Country,SWE,Sweden,Year,2022,true,Sex,Both sexes,SEX_BTSX,Age Group,18+  years,AGEGROUP_YEARS18-PLUS,,,,,,,16.41,,,13.41,,19.85,16.4 [13.4-19.9],,,EN,2024-02-28T23:00:00.000Z
NCD_BMI_30C,"Prevalence of obesity among adults, BMI &GreaterEqual; 30 (crude estimate) (%)",numeric,EUR,Europe,Country,NLD,Netherlands (Kingdom of the),Year,2022,true,Sex,Both sexes,SEX_BTSX,Age Group,18+  years,AGEGROUP_YEARS18-PLUS,,,,,,,16.91,,,13.66,,20.5,16.9 [13.7-20.5],,,EN,2024-02-28T23:00:00.000Z
NCD_BMI_30C,"Prevalence of obesity among adults, BMI &GreaterEqual; 30 (crude estimate) (%)",numeric,EUR,Europe,Country,AUT,Austria,Year,2022,true,Sex,Both sexes,SEX_BTSX,Age Group,18+  years,AGEGROUP_YEARS18-PLUS,,,,,,,17.04,,,14,,20.36,17.0 [14.0-20.4],,,EN,2024-02-28T23:00:00.000Z
NCD_BMI_30C,"Prevalence of obesity among adults, BMI &GreaterEqual; 30 (crude estimate) (%)",numeric,AFR,Africa,Country,GNQ,Equatorial Guinea,Year,2022,true,Sex,Both sexes,SEX_BTSX,Age Group,18+  years,AGEGROUP_YEARS18-PLUS,,,,,,,17.16,,,12.57,,22.64,17.2 [12.6-22.6],,,EN,2024-02-28T23:00:00.000Z
NCD_BMI_30C,"Prevalence of obesity among adults, BMI &GreaterEqual; 30 (crude estimate) (%)",numeric,AFR,Africa,Country,BWA,Botswana,Year,2022,true,Sex,Both sexes,SEX_BTSX,Age Group,18+  years,AGEGROUP_YEARS18-PLUS,,,,,,,17.46,,,14.03,,21.21,17.5 [14.0-21.2],,,EN,2024-02-28T23:00:00.000Z
NCD_BMI_30C,"Prevalence of obesity among adults, BMI &GreaterEqual; 30 (crude estimate) (%)",numeric,EMR,Eastern Mediterranean,Country,AFG,Afghanistan,Year,2022,true,Sex,Both sexes,SEX_BTSX,Age Group,18+  years,AGEGROUP_YEARS18-PLUS,,,,,,,17.59,,,14.86,,20.42,17.6 [14.9-20.4],,,EN,2024-02-28T23:00:00.000Z
NCD_BMI_30C,"Prevalence of obesity among adults, BMI &GreaterEqual; 30 (crude estimate) (%)",numeric,SEAR,South-East Asia,Country,MDV,Maldives,Year,2022,true,Sex,Both sexes,SEX_BTSX,Age Group,18+  years,AGEGROUP_YEARS18-PLUS,,,,,,,17.57,,,15.43,,19.82,17.6 [15.4-19.8],,,EN,2024-02-28T23:00:00.000Z
NCD_BMI_30C,"Prevalence of obesity among adults, BMI &GreaterEqual; 30 (crude estimate) (%)",numeric,EUR,Europe,Country,ESP,Spain,Year,2022,true,Sex,Both sexes,SEX_BTSX,Age Group,18+  years,AGEGROUP_YEARS18-PLUS,,,,,,,19.17,,,16.3,,22.08,19.2 [16.3-22.1],,,EN,2024-02-28T23:00:00.000Z
NCD_BMI_30C,"Prevalence of obesity among adults, BMI &GreaterEqual; 30 (crude estimate) (%)",numeric,AFR,Africa,Country,LSO,Lesotho,Year,2022,true,Sex,Both sexes,SEX_BTSX,Age Group,18+  years,AGEGROUP_YEARS18-PLUS,,,,,,,19.29,,,16.14,,22.67,19.3 [16.1-22.7],,,EN,2024-02-28T23:00:00.000Z
NCD_BMI_30C,"Prevalence of obesity among adults, BMI &GreaterEqual; 30 (crude estimate) (%)",numeric,EUR,Europe,Country,KAZ,Kazakhstan,Year,2022,true,Sex,Both sexes,SEX_BTSX,Age Group,18+  years,AGEGROUP_YEARS18-PLUS,,,,,,,19.34,,,16.7,,22.31,19.3 [16.7-22.3],,,EN,2024-02-28T23:00:00.000Z
NCD_BMI_30C,"Prevalence of obesity among adults, BMI &GreaterEqual; 30 (crude estimate) (%)",numeric,AFR,Africa,Country,MUS,Mauritius,Year,2022,true,Sex,Both sexes,SEX_BTSX,Age Group,18+  years,AGEGROUP_YEARS18-PLUS,,,,,,,19.47,,,16.12,,22.86,19.5 [16.1-22.9],,,EN,2024-02-28T23:00:00.000Z
NCD_BMI_30C,"Prevalence of obesity among adults, BMI &GreaterEqual; 30 (crude estimate) (%)",numeric,EUR,Europe,Country,NOR,Norway,Year,2022,true,Sex,Both sexes,SEX_BTSX,Age Group,18+  years,AGEGROUP_YEARS18-PLUS,,,,,,,19.77,,,16.45,,23.4,19.8 [16.5-23.4],,,EN,2024-02-28T23:00:00.000Z
NCD_BMI_30C,"Prevalence of obesity among adults, BMI &GreaterEqual; 30 (crude estimate) (%)",numeric,WPR,Western Pacific,Country,VUT,Vanuatu,Year,2022,true,Sex,Both sexes,SEX_BTSX,Age Group,18+  years,AGEGROUP_YEARS18-PLUS,,,,,,,19.95,,,15.34,,25.04,19.9 [15.3-25.0],,,EN,2024-02-28T23:00:00.000Z
NCD_BMI_30C,"Prevalence of obesity among adults, BMI &GreaterEqual; 30 (crude estimate) (%)",numeric,WPR,Western Pacific,Country,VNM,Viet Nam,Year,2022,true,Sex,Both sexes,SEX_BTSX,Age Group,18+  years,AGEGROUP_YEARS18-PLUS,,,,,,,2.08,,,1.58,,2.68,2.1 [1.6-2.7],,,EN,2024-02-28T23:00:00.000Z
NCD_BMI_30C,"Prevalence of obesity among adults, BMI &GreaterEqual; 30 (crude estimate) (%)",numeric,SEAR,South-East Asia,Country,TLS,Timor-Leste,Year,2022,true,Sex,Both sexes,SEX_BTSX,Age Group,18+  years,AGEGROUP_YEARS18-PLUS,,,,,,,2.25,,,1.58,,3.09,2.2 [1.6-3.1],,,EN,2024-02-28T23:00:00.000Z
NCD_BMI_30C,"Prevalence of obesity among adults, BMI &GreaterEqual; 30 (crude estimate) (%)",numeric,AFR,Africa,Country,ETH,Ethiopia,Year,2022,true,Sex,Both sexes,SEX_BTSX,Age Group,18+  years,AGEGROUP_YEARS18-PLUS,,,,,,,2.41,,,1.78,,3.13,2.4 [1.8-3.1],,,EN,2024-02-28T23:00:00.000Z
NCD_BMI_30C,"Prevalence of obesity among adults, BMI &GreaterEqual; 30 (crude estimate) (%)",numeric,AFR,Africa,Country,GAB,Gabon,Year,2022,true,Sex,Both sexes,SEX_BTSX,Age Group,18+  years,AGEGROUP_YEARS18-PLUS,,,,,,,20,,,16.65,,23.97,20.0 [16.6-24.0],,,EN,2024-02-28T23:00:00.000Z
NCD_BMI_30C,"Prevalence of obesity among adults, BMI &GreaterEqual; 30 (crude estimate) (%)",numeric,WPR,Western Pacific,Country,PNG,Papua New Guinea,Year,2022,true,Sex,Both sexes,SEX_BTSX,Age Group,18+  years,AGEGROUP_YEARS18-PLUS,,,,,,,20.12,,,14.75,,26.34,20.1 [14.8-26.3],,,EN,2024-02-28T23:00:00.000Z
NCD_BMI_30C,"Prevalence of obesity among adults, BMI &GreaterEqual; 30 (crude estimate) (%)",numeric,EUR,Europe,Country,LUX,Luxembourg,Year,2022,true,Sex,Both sexes,SEX_BTSX,Age Group,18+  years,AGEGROUP_YEARS18-PLUS,,,,,,,20.21,,,16.49,,24.18,20.2 [16.5-24.2],,,EN,2024-02-28T23:00:00.000Z
NCD_BMI_30C,"Prevalence of obesity among adults, BMI &GreaterEqual; 30 (crude estimate) (%)",numeric,EUR,Europe,Country,TKM,Turkmenistan,Year,2022,true,Sex,Both sexes,SEX_BTSX,Age Group,18+  years,AGEGROUP_YEARS18-PLUS,,,,,,,20.16,,,17.58,,22.9,20.2 [17.6-22.9],,,EN,2024-02-28T23:00:00.000Z
NCD_BMI_30C,"Prevalence of obesity among adults, BMI &GreaterEqual; 30 (crude estimate) (%)",numeric,EUR,Europe,Country,AND,Andorra,Year,2022,true,Sex,Both sexes,SEX_BTSX,Age Group,18+  years,AGEGROUP_YEARS18-PLUS,,,,,,,20.47,,,14.71,,26.98,20.5 [14.7-27.0],,,EN,2024-02-28T23:00:00.000Z
NCD_BMI_30C,"Prevalence of obesity among adults, BMI &GreaterEqual; 30 (crude estimate) (%)",numeric,AFR,Africa,Country,MRT,Mauritania,Year,2022,true,Sex,Both sexes,SEX_BTSX,Age Group,18+  years,AGEGROUP_YEARS18-PLUS,,,,,,,20.84,,,17.72,,24.58,20.8 [17.7-24.6],,,EN,2024-02-28T23:00:00.000Z
NCD_BMI_30C,"Prevalence of obesity among adults, BMI &GreaterEqual; 30 (crude estimate) (%)",numeric,EUR,Europe,Country,TJK,Tajikistan,Year,2022,true,Sex,Both sexes,SEX_BTSX,Age Group,18+  years,AGEGROUP_YEARS18-PLUS,,,,,,,20.81,,,17.84,,24.11,20.8 [17.8-24.1],,,EN,2024-02-28T23:00:00.000Z
NCD_BMI_30C,"Prevalence of obesity among adults, BMI &GreaterEqual; 30 (crude estimate) (%)",numeric,EUR,Europe,Country,MNE,Montenegro,Year,2022,true,Sex,Both sexes,SEX_BTSX,Age Group,18+  years,AGEGROUP_YEARS18-PLUS,,,,,,,21.05,,,15.02,,27.5,21.1 [15.0-27.5],,,EN,2024-02-28T23:00:00.000Z
NCD_BMI_30C,"Prevalence of obesity among adults, BMI &GreaterEqual; 30 (crude estimate) (%)",numeric,WPR,Western Pacific,Country,SLB,Solomon Islands,Year,2022,true,Sex,Both sexes,SEX_BTSX,Age Group,18+  years,AGEGROUP_YEARS18-PLUS,,,,,,,21.63,,,17.71,,25.8,21.6 [17.7-25.8],,,EN,2024-02-28T23:00:00.000Z
NCD_BMI_30C,"Prevalence of obesity among adults, BMI &GreaterEqual; 30 (crude estimate) (%)",numeric,EUR,Europe,Country,ITA,Italy,Year,2022,true,Sex,Both sexes,SEX_BTSX,Age Group,18+  years,AGEGROUP_YEARS18-PLUS,,,,,,,21.55,,,19.06,,24.12,21.6 [19.1-24.1],,,EN,2024-02-28T23:00:00.000Z
NCD_BMI_30C,"Prevalence of obesity among adults, BMI &GreaterEqual; 30 (crude estimate) (%)",numeric,EMR,Eastern Mediterranean,Country,PAK,Pakistan,Year,2022,true,Sex,Both sexes,SEX_BTSX,Age Group,18+  years,AGEGROUP_YEARS18-PLUS,,,,,,,21.85,,,19.42,,24.45,21.8 [19.4-24.5],,,EN,2024-02-28T23:00:00.000Z
NCD_BMI_30C,"Prevalence of obesity among adults, BMI &GreaterEqual; 30 (crude estimate) (%)",numeric,EUR,Europe,Country,BEL,Belgium,Year,2022,true,Sex,Both sexes,SEX_BTSX,Age Group,18+  years,AGEGROUP_YEARS18-PLUS,,,,,,,22,,,18.92,,25.31,22.0 [18.9-25.3],,,EN,2024-02-28T23:00:00.000Z
NCD_BMI_30C,"Prevalence of obesity among adults, BMI &GreaterEqual; 30 (crude estimate) (%)",numeric,EMR,Eastern Mediterranean,Country,MAR,Morocco,Year,2022,true,Sex,Both sexes,SEX_BTSX,Age Group,18+  years,AGEGROUP_YEARS18-PLUS,,,,,,,22.13,,,19.06,,25.5,22.1 [19.1-25.5],,,EN,2024-02-28T23:00:00.000Z
NCD_BMI_30C,"Prevalence of obesity among adults, BMI &GreaterEqual; 30 (crude estimate) (%)",numeric,EUR,Europe,Country,SVN,Slovenia,Year,2022,true,Sex,Both sexes,SEX_BTSX,Age Group,18+  years,AGEGROUP_YEARS18-PLUS,,,,,,,22.2,,,19.66,,24.79,22.2 [19.7-24.8],,,EN,2024-02-28T23:00:00.000Z
NCD_BMI_30C,"Prevalence of obesity among adults, BMI &GreaterEqual; 30 (crude estimate) (%)",numeric,WPR,Western Pacific,Country,MYS,Malaysia,Year,2022,true,Sex,Both sexes,SEX_BTSX,Age Group,18+  years,AGEGROUP_YEARS18-PLUS,,,,,,,22.4,,,19.87,,25.01,22.4 [19.9-25.0],,,EN,2024-02-28T23:00:00.000Z
NCD_BMI_30C,"Prevalence of obesity among adults, BMI &GreaterEqual; 30 (crude estimate) (%)",numeric,EUR,Europe,Country,ISL,Iceland,Year,2022,true,Sex,Both sexes,SEX_BTSX,Age Group,18+  years,AGEGROUP_YEARS18-PLUS,,,,,,,22.59,,,17.95,,27.66,22.6 [18.0-27.7],,,EN,2024-02-28T23:00:00.000Z
NCD_BMI_30C,"Prevalence of obesity among adults, BMI &GreaterEqual; 30 (crude estimate) (%)",numeric,AMR,Americas,Country,VEN,Venezuela (Bolivarian Republic of),Year,2022,true,Sex,Both sexes,SEX_BTSX,Age Group,18+  years,AGEGROUP_YEARS18-PLUS,,,,,,,22.84,,,19.92,,25.82,22.8 [19.9-25.8],,,EN,2024-02-28T23:00:00.000Z
NCD_BMI_30C,"Prevalence of obesity among adults, BMI &GreaterEqual; 30 (crude estimate) (%)",numeric,EUR,Europe,Country,ISR,Israel,Year,2022,true,Sex,Both sexes,SEX_BTSX,Age Group,18+  years,AGEGROUP_YEARS18-PLUS,,,,,,,23.39,,,20.32,,26.66,23.4 [20.3-26.7],,,EN,2024-02-28T23:00:00.000Z
NCD_BMI_30C,"Prevalence of obesity among adults, BMI &GreaterEqual; 30 (crude estimate) (%)",numeric,AMR,Americas,Country,CUB,Cuba,Year,2022,true,Sex,Both sexes,SEX_BTSX,Age Group,18+  years,AGEGROUP_YEARS18-PLUS,,,,,,,23.54,,,20.69,,26.57,23.5 [20.7-26.6],,,EN,2024-02-28T23:00:00.000Z
NCD_BMI_30C,"Prevalence of obesity among adults, BMI &GreaterEqual; 30 (crude estimate) (%)",numeric,EUR,Europe,Country,FIN,Finland,Year,2022,true,Sex,Both sexes,SEX_BTSX,Age Group,18+  years,AGEGROUP_YEARS18-PLUS,,,,,,,23.7,,,20.82,,26.66,23.7 [20.8-26.7],,,EN,2024-02-28T23:00:00.000Z
NCD_BMI_30C,"Prevalence of obesity among adults, BMI &GreaterEqual; 30 (crude estimate) (%)",numeric,AMR,Americas,Country,COL,Colombia,Year,2022,true,Sex,Both sexes,SEX_BTSX,Age Group,18+  years,AGEGROUP_YEARS18-PLUS,,,,,,,23.85,,,21.32,,26.47,23.9 [21.3-26.5],,,EN,2024-02-28T23:00:00.000Z
NCD_BMI_30C,"Prevalence of obesity among adults, BMI &GreaterEqual; 30 (crude estimate) (%)",numeric,WPR,Western Pacific,Country,MNG,Mongolia,Year,2022,true,Sex,Both sexes,SEX_BTSX,Age Group,18+  years,AGEGROUP_YEARS18-PLUS,,,,,,,23.99,,,21.24,,26.86,24.0 [21.2-26.9],,,EN,2024-02-28T23:00:00.000Z
NCD_BMI_30C,"Prevalence of obesity among adults, BMI &GreaterEqual; 30 (crude estimate) (%)",numeric,EUR,Europe,Country,DEU,Germany,Year,2022,true,Sex,Both sexes,SEX_BTSX,Age Group,18+  years,AGEGROUP_YEARS18-PLUS,,,,,,,24.16,,,20.73,,27.62,24.2 [20.7-27.6],,,EN,2024-02-28T23:00:00.000Z
NCD_BMI_30C,"Prevalence of obesity among adults, BMI &GreaterEqual; 30 (crude estimate) (%)",numeric,AFR,Africa,Country,DZA,Algeria,Year,2022,true,Sex,Both sexes,SEX_BTSX,Age Group,18+  years,AGEGROUP_YEARS18-PLUS,,,,,,,24.25,,,20.89,,27.71,24.2 [20.9-27.7],,,EN,2024-02-28T23:00:00.000Z
NCD_BMI_30C,"Prevalence of obesity among adults, BMI &GreaterEqual; 30 (crude estimate) (%)",numeric,EUR,Europe,Country,BGR,Bulgaria,Year,2022,true,Sex,Both sexes,SEX_BTSX,Age Group,18+  years,AGEGROUP_YEARS18-PLUS,,,,,,,24.25,,,21.65,,26.99,24.2 [21.7-27.0],,,EN,2024-02-28T23:00:00.000Z
NCD_BMI_30C,"Prevalence of obesity among adults, BMI &GreaterEqual; 30 (crude estimate) (%)",numeric,EUR,Europe,Country,KGZ,Kyrgyzstan,Year,2022,true,Sex,Both sexes,SEX_BTSX,Age Group,18+  years,AGEGROUP_YEARS18-PLUS,,,,,,,24.41,,,20.42,,28.53,24.4 [20.4-28.5],,,EN,2024-02-28T23:00:00.000Z
NCD_BMI_30C,"Prevalence of obesity among adults, BMI &GreaterEqual; 30 (crude estimate) (%)",numeric,EUR,Europe,Country,CYP,Cyprus,Year,2022,true,Sex,Both sexes,SEX_BTSX,Age Group,18+  years,AGEGROUP_YEARS18-PLUS,,,,,,,25.11,,,18.7,,32.25,25.1 [18.7-32.2],,,EN,2024-02-28T23:00:00.000Z
NCD_BMI_30C,"Prevalence of obesity among adults, BMI &GreaterEqual; 30 (crude estimate) (%)",numeric,AMR,Americas,Country,GTM,Guatemala,Year,2022,true,Sex,Both sexes,SEX_BTSX,Age Group,18+  years,AGEGROUP_YEARS18-PLUS,,,,,,,25.2,,,22.05,,28.74,25.2 [22.0-28.7],,,EN,2024-02-28T23:00:00.000Z
NCD_BMI_30C,"Prevalence of obesity among adults, BMI &GreaterEqual; 30 (crude estimate) (%)",numeric,EMR,Eastern Mediterranean,Country,IRN,Iran (Islamic Republic of),Year,2022,true,Sex,Both sexes,SEX_BTSX,Age Group,18+  years,AGEGROUP_YEARS18-PLUS,,,,,,,25.26,,,23.65,,26.97,25.3 [23.6-27.0],,,EN,2024-02-28T23:00:00.000Z
NCD_BMI_30C,"Prevalence of obesity among adults, BMI &GreaterEqual; 30 (crude estimate) (%)",numeric,EUR,Europe,Country,BIH,Bosnia and Herzegovina,Year,2022,true,Sex,Both sexes,SEX_BTSX,Age Group,18+  years,AGEGROUP_YEARS18-PLUS,,,,,,,25.47,,,19.97,,31.27,25.5 [20.0-31.3],,,EN,2024-02-28T23:00:00.000Z
NCD_BMI_30C,"Prevalence of obesity among adults, BMI &GreaterEqual; 30 (crude estimate) (%)",numeric,EUR,Europe,Country,MDA,Republic of Moldova,Year,2022,true,Sex,Both sexes,SEX_BTSX,Age Group,18+  years,AGEGROUP_YEARS18-PLUS,,,,,,,25.65,,,23.06,,28.38,25.6 [23.1-28.4],,,EN,2024-02-28T23:00:00.000Z
NCD_BMI_30C,"Prevalence of obesity among adults, BMI &GreaterEqual; 30 (crude estimate) (%)",numeric,EUR,Europe,Country,SRB,Serbia,Year,2022,true,Sex,Both sexes,SEX_BTSX,Age Group,18+  years,AGEGROUP_YEARS18-PLUS,,,,,,,26.05,,,21.93,,30.18,26.1 [21.9-30.2],,,EN,2024-02-28T23:00:00.000Z
NCD_BMI_30C,"Prevalence of obesity among adults, BMI &GreaterEqual; 30 (crude estimate) (%)",numeric,EUR,Europe,Country,ALB,Albania,Year,2022,true,Sex,Both sexes,SEX_BTSX,Age Group,18+  years,AGEGROUP_YEARS18-PLUS,,,,,,,26.58,,,23.24,,29.98,26.6 [23.2-30.0],,,EN,2024-02-28T23:00:00.000Z
NCD_BMI_30C,"Prevalence of obesity among adults, BMI &GreaterEqual; 30 (crude estimate) (%)",numeric,EUR,Europe,Country,BLR,Belarus,Year,2022,true,Sex,Both sexes,SEX_BTSX,Age Group,18+  years,AGEGROUP_YEARS18-PLUS,,,,,,,26.55,,,23.87,,29.28,26.6 [23.9-29.3],,,EN,2024-02-28T23:00:00.000Z
NCD_BMI_30C,"Prevalence of obesity among adults, BMI &GreaterEqual; 30 (crude estimate) (%)",numeric,EUR,Europe,Country,EST,Estonia,Year,2022,true,Sex,Both sexes,SEX_BTSX,Age Group,18+  years,AGEGROUP_YEARS18-PLUS,,,,,,,26.67,,,22.41,,31.1,26.7 [22.4-31.1],,,EN,2024-02-28T23:00:00.000Z
NCD_BMI_30C,"Prevalence of obesity among adults, BMI &GreaterEqual; 30 (crude estimate) (%)",numeric,AMR,Americas,Country,ECU,Ecuador,Year,2022,true,Sex,Both sexes,SEX_BTSX,Age Group,18+  years,AGEGROUP_YEARS18-PLUS,,,,,,,26.98,,,24.25,,29.63,27.0 [24.3-29.6],,,EN,2024-02-28T23:00:00.000Z
NCD_BMI_30C,"Prevalence of obesity among adults, BMI &GreaterEqual; 30 (crude estimate) (%)",numeric,EUR,Europe,Country,PRT,Portugal,Year,2022,true,Sex,Both sexes,SEX_BTSX,Age Group,18+  years,AGEGROUP_YEARS18-PLUS,,,,,,,27.06,,,22.85,,31.34,27.1 [22.8-31.3],,,EN,2024-02-28T23:00:00.000Z
NCD_BMI_30C,"Prevalence of obesity among adults, BMI &GreaterEqual; 30 (crude estimate) (%)",numeric,AMR,Americas,Country,PER,Peru,Year,2022,true,Sex,Both sexes,SEX_BTSX,Age Group,18+  years,AGEGROUP_YEARS18-PLUS,,,,,,,27.18,,,25.8,,28.6,27.2 [25.8-28.6],,,EN,2024-02-28T23:00:00.000Z
NCD_BMI_30C,"Prevalence of obesity among adults, BMI &GreaterEqual; 30 (crude estimate) (%)",numeric,AFR,Africa,Country,SWZ,Eswatini,Year,2022,true,Sex,Both sexes,SEX_BTSX,Age Group,18+  years,AGEGROUP_YEARS18-PLUS,,,,,,,27.31,,,23.38,,31.46,27.3 [23.4-31.5],,,EN,2024-02-28T23:00:00.000Z
NCD_BMI_30C,"Prevalence of obesity among adults, BMI &GreaterEqual; 30 (crude estimate) (%)",numeric,AMR,Americas,Country,CAN,Canada,Year,2022,true,Sex,Both sexes,SEX_BTSX,Age Group,18+  years,AGEGROUP_YEARS18-PLUS,,,,,,,27.32,,,24.62,,30.05,27.3 [24.6-30.0],,,EN,2024-02-28T23:00:00.000Z
NCD_BMI_30C,"Prevalence of obesity among adults, BMI &GreaterEqual; 30 (crude estimate) (%)",numeric,EUR,Europe,Country,AZE,Azerbaijan,Year,2022,true,Sex,Both sexes,SEX_BTSX,Age Group,18+  years,AGEGROUP_YEARS18-PLUS,,,,,,,27.5,,,24.06,,31.02,27.5 [24.1-31.0],,,EN,2024-02-28T23:00:00.000Z
NCD_BMI_30C,"Prevalence of obesity among adults, BMI &GreaterEqual; 30 (crude estimate) (%)",numeric,AMR,Americas,Country,BOL,Bolivia (Plurinational State of),Year,2022,true,Sex,Both sexes,SEX_BTSX,Age Group,18+  years,AGEGROUP_YEARS18-PLUS,,,,,,,27.8,,,24.6,,31.2,27.8 [24.6-31.2],,,EN,2024-02-28T23:00:00.000Z
NCD_BMI_30C,"Prevalence of obesity among adults, BMI &GreaterEqual; 30 (crude estimate) (%)",numeric,EUR,Europe,Country,ARM,Armenia,Year,2022,true,Sex,Both sexes,SEX_BTSX,Age Group,18+  years,AGEGROUP_YEARS18-PLUS,,,,,,,27.87,,,24.28,,31.6,27.9 [24.3-31.6],,,EN,2024-02-28T23:00:00.000Z
NCD_BMI_30C,"Prevalence of obesity among adults, BMI &GreaterEqual; 30 (crude estimate) (%)",numeric,AMR,Americas,Country,GUY,Guyana,Year,2022,true,Sex,Both sexes,SEX_BTSX,Age Group,18+  years,AGEGROUP_YEARS18-PLUS,,,,,,,28,,,24.04,,32.27,28.0 [24.0-32.3],,,EN,2024-02-28T23:00:00.000Z
NCD_BMI_30C,"Prevalence of obesity among adults, BMI &GreaterEqual; 30 (crude estimate) (%)",numeric,EUR,Europe,Country,RUS,Russian Federation,Year,2022,true,Sex,Both sexes,SEX_BTSX,Age Group,18+  years,AGEGROUP_YEARS18-PLUS,,,,,,,28.05,,,24.63,,31.65,28.0 [24.6-31.7],,,EN,2024-02-28T23:00:00.000Z
NCD_BMI_30C,"Prevalence of obesity among adults, BMI &GreaterEqual; 30 (crude estimate) (%)",numeric,EUR,Europe,Country,GRL,Greenland,Year,2022,true,Sex,Both sexes,SEX_BTSX,Age Group,18+  years,AGEGROUP_YEARS18-PLUS,,,,,,,28.17,,,24.49,,31.94,28.2 [24.5-31.9],,,EN,2024-02-28T23:00:00.000Z
NCD_BMI_30C,"Prevalence of obesity among adults, BMI &GreaterEqual; 30 (crude estimate) (%)",numeric,EMR,Eastern Mediterranean,Country,TUN,Tunisia,Year,2022,true,Sex,Both sexes,SEX_BTSX,Age Group,18+  years,AGEGROUP_YEARS18-PLUS,,,,,,,28.26,,,22.79,,34.19,28.3 [22.8-34.2],,,EN,2024-02-28T23:00:00.000Z
NCD_BMI_30C,"Prevalence of obesity among adults, BMI &GreaterEqual; 30 (crude estimate) (%)",numeric,AMR,Americas,Country,HND,Honduras,Year,2022,true,Sex,Both sexes,SEX_BTSX,Age Group,18+  years,AGEGROUP_YEARS18-PLUS,,,,,,,28.54,,,22.5,,35.53,28.5 [22.5-35.5],,,EN,2024-02-28T23:00:00.000Z
NCD_BMI_30C,"Prevalence of obesity among adults, BMI &GreaterEqual; 30 (crude estimate) (%)",numeric,EUR,Europe,Country,UZB,Uzbekistan,Year,2022,true,Sex,Both sexes,SEX_BTSX,Age Group,18+  years,AGEGROUP_YEARS18-PLUS,,,,,,,28.52,,,25.8,,31.42,28.5 [25.8-31.4],,,EN,2024-02-28T23:00:00.000Z
NCD_BMI_30C,"Prevalence of obesity among adults, BMI &GreaterEqual; 30 (crude estimate) (%)",numeric,EUR,Europe,Country,GBR,United Kingdom of Great Britain and Northern Ireland,Year,2022,true,Sex,Both sexes,SEX_BTSX,Age Group,18+  years,AGEGROUP_YEARS18-PLUS,,,,,,,28.71,,,26.7,,30.7,28.7 [26.7-30.7],,,EN,2024-02-28T23:00:00.000Z
NCD_BMI_30C,"Prevalence of obesity among adults, BMI &GreaterEqual; 30 (crude estimate) (%)",numeric,AMR,Americas,Country,BRA,Brazil,Year,2022,true,Sex,Both sexes,SEX_BTSX,Age Group,18+  years,AGEGROUP_YEARS18-PLUS,,,,,,,28.76,,,26.26,,31.28,28.8 [26.3-31.3],,,EN,2024-02-28T23:00:00.000Z
NCD_BMI_30C,"Prevalence of obesity among adults, BMI &GreaterEqual; 30 (crude estimate) (%)",numeric,AMR,Americas,Country,SUR,Suriname,Year,2022,true,Sex,Both sexes,SEX_BTSX,Age Group,18+  years,AGEGROUP_YEARS18-PLUS,,,,,,,28.98,,,23.17,,35.42,29.0 [23.2-35.4],,,EN,2024-02-28T23:00:00.000Z
NCD_BMI_30C,"Prevalence of obesity among adults, BMI &GreaterEqual; 30 (crude estimate) (%)",numeric,AMR,Americas,Country,DOM,Dominican Republic,Year,2022,true,Sex,Both sexes,SEX_BTSX,Age Group,18+  years,AGEGROUP_YEARS18-PLUS,,,,,,,29.12,,,25.55,,32.83,29.1 [25.5-32.8],,,EN,2024-02-28T23:00:00.000Z
NCD_BMI_30C,"Prevalence of obesity among adults, BMI &GreaterEqual; 30 (crude estimate) (%)",numeric,AMR,Americas,Country,TTO,Trinidad and Tobago,Year,2022,true,Sex,Both sexes,SEX_BTSX,Age Group,18+  years,AGEGROUP_YEARS18-PLUS,,,,,,,29.15,,,24.45,,33.94,29.2 [24.4-33.9],,,EN,2024-02-28T23:00:00.000Z
NCD_BMI_30C,"Prevalence of obesity among adults, BMI &GreaterEqual; 30 (crude estimate) (%)",numeric,EUR,Europe,Country,UKR,Ukraine,Year,2022,true,Sex,Both sexes,SEX_BTSX,Age Group,18+  years,AGEGROUP_YEARS18-PLUS,,,,,,,29.2,,,25.6,,32.84,29.2 [25.6-32.8],,,EN,2024-02-28T23:00:00.000Z
NCD_BMI_30C,"Prevalence of obesity among adults, BMI &GreaterEqual; 30 (crude estimate) (%)",numeric,EUR,Europe,Country,LVA,Latvia,Year,2022,true,Sex,Both sexes,SEX_BTSX,Age Group,18+  years,AGEGROUP_YEARS18-PLUS,,,,,,,29.81,,,24.05,,35.86,29.8 [24.1-35.9],,,EN,2024-02-28T23:00:00.000Z
NCD_BMI_30C,"Prevalence of obesity among adults, BMI &GreaterEqual; 30 (crude estimate) (%)",numeric,AMR,Americas,Country,SLV,El Salvador,Year,2022,true,Sex,Both sexes,SEX_BTSX,Age Group,18+  years,AGEGROUP_YEARS18-PLUS,,,,,,,29.89,,,25.65,,34.39,29.9 [25.6-34.4],,,EN,2024-02-28T23:00:00.000Z
NCD_BMI_30C,"Prevalence of obesity among adults, BMI &GreaterEqual; 30 (crude estimate) (%)",numeric,AFR,Africa,Country,MDG,Madagascar,Year,2022,true,Sex,Both sexes,SEX_BTSX,Age Group,18+  years,AGEGROUP_YEARS18-PLUS,,,,,,,3.85,,,2.59,,5.73,3.8 [2.6-5.7],,,EN,2024-02-28T23:00:00.000Z
NCD_BMI_30C,"Prevalence of obesity among adults, BMI &GreaterEqual; 30 (crude estimate) (%)",numeric,AFR,Africa,Country,ZAF,South Africa,Year,2022,true,Sex,Both sexes,SEX_BTSX,Age Group,18+  years,AGEGROUP_YEARS18-PLUS,,,,,,,30.03,,,27.4,,32.78,30.0 [27.4-32.8],,,EN,2024-02-28T23:00:00.000Z
NCD_BMI_30C,"Prevalence of obesity among adults, BMI &GreaterEqual; 30 (crude estimate) (%)",numeric,EMR,Eastern Mediterranean,Country,OMN,Oman,Year,2022,true,Sex,Both sexes,SEX_BTSX,Age Group,18+  years,AGEGROUP_YEARS18-PLUS,,,,,,,30.19,,,26.39,,34.38,30.2 [26.4-34.4],,,EN,2024-02-28T23:00:00.000Z
NCD_BMI_30C,"Prevalence of obesity among adults, BMI &GreaterEqual; 30 (crude estimate) (%)",numeric,AFR,Africa,Country,SYC,Seychelles,Year,2022,true,Sex,Both sexes,SEX_BTSX,Age Group,18+  years,AGEGROUP_YEARS18-PLUS,,,,,,,30.27,,,25.1,,35.62,30.3 [25.1-35.6],,,EN,2024-02-28T23:00:00.000Z
NCD_BMI_30C,"Prevalence of obesity among adults, BMI &GreaterEqual; 30 (crude estimate) (%)",numeric,EUR,Europe,Country,SVK,Slovakia,Year,2022,true,Sex,Both sexes,SEX_BTSX,Age Group,18+  years,AGEGROUP_YEARS18-PLUS,,,,,,,30.28,,,25.3,,35.42,30.3 [25.3-35.4],,,EN,2024-02-28T23:00:00.000Z
NCD_BMI_30C,"Prevalence of obesity among adults, BMI &GreaterEqual; 30 (crude estimate) (%)",numeric,AMR,Americas,Country,GRD,Grenada,Year,2022,true,Sex,Both sexes,SEX_BTSX,Age Group,18+  years,AGEGROUP_YEARS18-PLUS,,,,,,,30.49,,,24.82,,36.33,30.5 [24.8-36.3],,,EN,2024-02-28T23:00:00.000Z
NCD_BMI_30C,"Prevalence of obesity among adults, BMI &GreaterEqual; 30 (crude estimate) (%)",numeric,EUR,Europe,Country,MKD,North Macedonia,Year,2022,true,Sex,Both sexes,SEX_BTSX,Age Group,18+  years,AGEGROUP_YEARS18-PLUS,,,,,,,30.65,,,22.72,,39.37,30.6 [22.7-39.4],,,EN,2024-02-28T23:00:00.000Z
NCD_BMI_30C,"Prevalence of obesity among adults, BMI &GreaterEqual; 30 (crude estimate) (%)",numeric,EUR,Europe,Country,IRL,Ireland,Year,2022,true,Sex,Both sexes,SEX_BTSX,Age Group,18+  years,AGEGROUP_YEARS18-PLUS,,,,,,,30.84,,,26.69,,35.17,30.8 [26.7-35.2],,,EN,2024-02-28T23:00:00.000Z
NCD_BMI_30C,"Prevalence of obesity among adults, BMI &GreaterEqual; 30 (crude estimate) (%)",numeric,EUR,Europe,Country,LTU,Lithuania,Year,2022,true,Sex,Both sexes,SEX_BTSX,Age Group,18+  years,AGEGROUP_YEARS18-PLUS,,,,,,,31.14,,,24.67,,37.67,31.1 [24.7-37.7],,,EN,2024-02-28T23:00:00.000Z
NCD_BMI_30C,"Prevalence of obesity among adults, BMI &GreaterEqual; 30 (crude estimate) (%)",numeric,EMR,Eastern Mediterranean,Country,LBN,Lebanon,Year,2022,true,Sex,Both sexes,SEX_BTSX,Age Group,18+  years,AGEGROUP_YEARS18-PLUS,,,,,,,31.07,,,27.15,,35.22,31.1 [27.2-35.2],,,EN,2024-02-28T23:00:00.000Z
NCD_BMI_30C,"Prevalence of obesity among adults, BMI &GreaterEqual; 30 (crude estimate) (%)",numeric,EMR,Eastern Mediterranean,Country,SYR,Syrian Arab Republic,Year,2022,true,Sex,Both sexes,SEX_BTSX,Age Group,18+  years,AGEGROUP_YEARS18-PLUS,,,,,,,31.18,,,24.75,,37.91,31.2 [24.7-37.9],,,EN,2024-02-28T23:00:00.000Z
NCD_BMI_30C,"Prevalence of obesity among adults, BMI &GreaterEqual; 30 (crude estimate) (%)",numeric,EUR,Europe,Country,CZE,Czechia,Year,2022,true,Sex,Both sexes,SEX_BTSX,Age Group,18+  years,AGEGROUP_YEARS18-PLUS,,,,,,,31.3,,,28.31,,34.42,31.3 [28.3-34.4],,,EN,2024-02-28T23:00:00.000Z
NCD_BMI_30C,"Prevalence of obesity among adults, BMI &GreaterEqual; 30 (crude estimate) (%)",numeric,EUR,Europe,Country,POL,Poland,Year,2022,true,Sex,Both sexes,SEX_BTSX,Age Group,18+  years,AGEGROUP_YEARS18-PLUS,,,,,,,31.41,,,28.03,,34.76,31.4 [28.0-34.8],,,EN,2024-02-28T23:00:00.000Z
NCD_BMI_30C,"Prevalence of obesity among adults, BMI &GreaterEqual; 30 (crude estimate) (%)",numeric,AMR,Americas,Country,DMA,Dominica,Year,2022,true,Sex,Both sexes,SEX_BTSX,Age Group,18+  years,AGEGROUP_YEARS18-PLUS,,,,,,,31.5,,,25.31,,37.89,31.5 [25.3-37.9],,,EN,2024-02-28T23:00:00.000Z
NCD_BMI_30C,"Prevalence of obesity among adults, BMI &GreaterEqual; 30 (crude estimate) (%)",numeric,EMR,Eastern Mediterranean,Country,ARE,United Arab Emirates,Year,2022,true,Sex,Both sexes,SEX_BTSX,Age Group,18+  years,AGEGROUP_YEARS18-PLUS,,,,,,,31.55,,,27.4,,35.88,31.5 [27.4-35.9],,,EN,2024-02-28T23:00:00.000Z
NCD_BMI_30C,"Prevalence of obesity among adults, BMI &GreaterEqual; 30 (crude estimate) (%)",numeric,WPR,Western Pacific,Country,AUS,Australia,Year,2022,true,Sex,Both sexes,SEX_BTSX,Age Group,18+  years,AGEGROUP_YEARS18-PLUS,,,,,,,31.82,,,28.96,,34.85,31.8 [29.0-34.9],,,EN,2024-02-28T23:00:00.000Z
NCD_BMI_30C,"Prevalence of obesity among adults, BMI &GreaterEqual; 30 (crude estimate) (%)",numeric,AMR,Americas,Country,CRI,Costa Rica,Year,2022,true,Sex,Both sexes,SEX_BTSX,Age Group,18+  years,AGEGROUP_YEARS18-PLUS,,,,,,,31.97,,,27.81,,36.33,32.0 [27.8-36.3],,,EN,2024-02-28T23:00:00.000Z
NCD_BMI_30C,"Prevalence of obesity among adults, BMI &GreaterEqual; 30 (crude estimate) (%)",numeric,AMR,Americas,Country,PRY,Paraguay,Year,2022,true,Sex,Both sexes,SEX_BTSX,Age Group,18+  years,AGEGROUP_YEARS18-PLUS,,,,,,,32.08,,,26.24,,38.15,32.1 [26.2-38.2],,,EN,2024-02-28T23:00:00.000Z
NCD_BMI_30C,"Prevalence of obesity among adults, BMI &GreaterEqual; 30 (crude estimate) (%)",numeric,AMR,Americas,Country,NIC,Nicaragua,Year,2022,true,Sex,Both sexes,SEX_BTSX,Age Group,18+  years,AGEGROUP_YEARS18-PLUS,,,,,,,32.42,,,26.16,,39.13,32.4 [26.2-39.1],,,EN,2024-02-28T23:00:00.000Z
NCD_BMI_30C,"Prevalence of obesity among adults, BMI &GreaterEqual; 30 (crude estimate) (%)",numeric,WPR,Western Pacific,Country,BRN,Brunei Darussalam,Year,2022,true,Sex,Both sexes,SEX_BTSX,Age Group,18+  years,AGEGROUP_YEARS18-PLUS,,,,,,,32.38,,,28.05,,36.77,32.4 [28.1-36.8],,,EN,2024-02-28T23:00:00.000Z
NCD_BMI_30C,"Prevalence of obesity among adults, BMI &GreaterEqual; 30 (crude estimate) (%)",numeric,EMR,Eastern Mediterranean,Country,PSE,"occupied Palestinian territory, including east Jerusalem",Year,2022,true,Sex,Both sexes,SEX_BTSX,Age Group,18+  years,AGEGROUP_YEARS18-PLUS,,,,,,,32.82,,,30.28,,35.36,32.8 [30.3-35.4],,,EN,2024-02-28T23:00:00.000Z
NCD_BMI_30C,"Prevalence of obesity among adults, BMI &GreaterEqual; 30 (crude estimate) (%)",numeric,AMR,Americas,Country,VCT,Saint Vincent and the Grenadines,Year,2022,true,Sex,Both sexes,SEX_BTSX,Age Group,18+  years,AGEGROUP_YEARS18-PLUS,,,,,,,33.57,,,28.93,,38.39,33.6 [28.9-38.4],,,EN,2024-02-28T23:00:00.000Z
NCD_BMI_30C,"Prevalence of obesity among adults, BMI &GreaterEqual; 30 (crude estimate) (%)",numeric,EUR,Europe,Country,GRC,Greece,Year,2022,true,Sex,Both sexes,SEX_BTSX,Age Group,18+  years,AGEGROUP_YEARS18-PLUS,,,,,,,33.68,,,30.11,,37.38,33.7 [30.1-37.4],,,EN,2024-02-28T23:00:00.000Z
NCD_BMI_30C,"Prevalence of obesity among adults, BMI &GreaterEqual; 30 (crude estimate) (%)",numeric,WPR,Western Pacific,Country,FJI,Fiji,Year,2022,true,Sex,Both sexes,SEX_BTSX,Age Group,18+  years,AGEGROUP_YEARS18-PLUS,,,,,,,33.84,,,28.02,,39.95,33.8 [28.0-40.0],,,EN,2024-02-28T23:00:00.000Z
NCD_BMI_30C,"Prevalence of obesity among adults, BMI &GreaterEqual; 30 (crude estimate) (%)",numeric,AMR,Americas,Country,LCA,Saint Lucia,Year,2022,true,Sex,Both sexes,SEX_BTSX,Age Group,18+  years,AGEGROUP_YEARS18-PLUS,,,,,,,33.93,,,30.7,,37.29,33.9 [30.7-37.3],,,EN,2024-02-28T23:00:00.000Z
NCD_BMI_30C,"Prevalence of obesity among adults, BMI &GreaterEqual; 30 (crude estimate) (%)",numeric,AMR,Americas,Country,BMU,Bermuda,Year,2022,true,Sex,Both sexes,SEX_BTSX,Age Group,18+  years,AGEGROUP_YEARS18-PLUS,,,,,,,34.01,,,24.07,,44.27,34.0 [24.1-44.3],,,EN,2024-02-28T23:00:00.000Z
NCD_BMI_30C,"Prevalence of obesity among adults, BMI &GreaterEqual; 30 (crude estimate) (%)",numeric,AMR,Americas,Country,ATG,Antigua and Barbuda,Year,2022,true,Sex,Both sexes,SEX_BTSX,Age Group,18+  years,AGEGROUP_YEARS18-PLUS,,,,,,,34.06,,,24.17,,44.25,34.1 [24.2-44.3],,,EN,2024-02-28T23:00:00.000Z
NCD_BMI_30C,"Prevalence of obesity among adults, BMI &GreaterEqual; 30 (crude estimate) (%)",numeric,AMR,Americas,Country,JAM,Jamaica,Year,2022,true,Sex,Both sexes,SEX_BTSX,Age Group,18+  years,AGEGROUP_YEARS18-PLUS,,,,,,,34.18,,,30.32,,38.11,34.2 [30.3-38.1],,,EN,2024-02-28T23:00:00.000Z
NCD_BMI_30C,"Prevalence of obesity among adults, BMI &GreaterEqual; 30 (crude estimate) (%)",numeric,WPR,Western Pacific,Country,NZL,New Zealand,Year,2022,true,Sex,Both sexes,SEX_BTSX,Age Group,18+  years,AGEGROUP_YEARS18-PLUS,,,,,,,34.25,,,32.31,,36.21,34.2 [32.3-36.2],,,EN,2024-02-28T23:00:00.000Z
NCD_BMI_30C,"Prevalence of obesity among adults, BMI &GreaterEqual; 30 (crude estimate) (%)",numeric,EUR,Europe,Country,TUR,TÃ¼rkiye,Year,2022,true,Sex,Both sexes,SEX_BTSX,Age Group,18+  years,AGEGROUP_YEARS18-PLUS,,,,,,,34.26,,,31.43,,37.18,34.3 [31.4-37.2],,,EN,2024-02-28T23:00:00.000Z
NCD_BMI_30C,"Prevalence of obesity among adults, BMI &GreaterEqual; 30 (crude estimate) (%)",numeric,EUR,Europe,Country,MLT,Malta,Year,2022,true,Sex,Both sexes,SEX_BTSX,Age Group,18+  years,AGEGROUP_YEARS18-PLUS,,,,,,,34.62,,,29.54,,39.86,34.6 [29.5-39.9],,,EN,2024-02-28T23:00:00.000Z
NCD_BMI_30C,"Prevalence of obesity among adults, BMI &GreaterEqual; 30 (crude estimate) (%)",numeric,AMR,Americas,Country,URY,Uruguay,Year,2022,true,Sex,Both sexes,SEX_BTSX,Age Group,18+  years,AGEGROUP_YEARS18-PLUS,,,,,,,34.67,,,29.43,,39.97,34.7 [29.4-40.0],,,EN,2024-02-28T23:00:00.000Z
NCD_BMI_30C,"Prevalence of obesity among adults, BMI &GreaterEqual; 30 (crude estimate) (%)",numeric,EMR,Eastern Mediterranean,Country,JOR,Jordan,Year,2022,true,Sex,Both sexes,SEX_BTSX,Age Group,18+  years,AGEGROUP_YEARS18-PLUS,,,,,,,35.61,,,32.84,,38.48,35.6 [32.8-38.5],,,EN,2024-02-28T23:00:00.000Z
NCD_BMI_30C,"Prevalence of obesity among adults, BMI &GreaterEqual; 30 (crude estimate) (%)",numeric,EUR,Europe,Country,HRV,Croatia,Year,2022,true,Sex,Both sexes,SEX_BTSX,Age Group,18+  years,AGEGROUP_YEARS18-PLUS,,,,,,,35.65,,,32.24,,38.98,35.7 [32.2-39.0],,,EN,2024-02-28T23:00:00.000Z
NCD_BMI_30C,"Prevalence of obesity among adults, BMI &GreaterEqual; 30 (crude estimate) (%)",numeric,AMR,Americas,Country,ARG,Argentina,Year,2022,true,Sex,Both sexes,SEX_BTSX,Age Group,18+  years,AGEGROUP_YEARS18-PLUS,,,,,,,36.03,,,33.24,,38.84,36.0 [33.2-38.8],,,EN,2024-02-28T23:00:00.000Z
NCD_BMI_30C,"Prevalence of obesity among adults, BMI &GreaterEqual; 30 (crude estimate) (%)",numeric,AMR,Americas,Country,PAN,Panama,Year,2022,true,Sex,Both sexes,SEX_BTSX,Age Group,18+  years,AGEGROUP_YEARS18-PLUS,,,,,,,36.08,,,32.76,,39.64,36.1 [32.8-39.6],,,EN,2024-02-28T23:00:00.000Z
NCD_BMI_30C,"Prevalence of obesity among adults, BMI &GreaterEqual; 30 (crude estimate) (%)",numeric,AMR,Americas,Country,MEX,Mexico,Year,2022,true,Sex,Both sexes,SEX_BTSX,Age Group,18+  years,AGEGROUP_YEARS18-PLUS,,,,,,,36.09,,,34.46,,37.79,36.1 [34.5-37.8],,,EN,2024-02-28T23:00:00.000Z
NCD_BMI_30C,"Prevalence of obesity among adults, BMI &GreaterEqual; 30 (crude estimate) (%)",numeric,EMR,Eastern Mediterranean,Country,LBY,Libya,Year,2022,true,Sex,Both sexes,SEX_BTSX,Age Group,18+  years,AGEGROUP_YEARS18-PLUS,,,,,,,36.15,,,30.36,,42.08,36.2 [30.4-42.1],,,EN,2024-02-28T23:00:00.000Z
NCD_BMI_30C,"Prevalence of obesity among adults, BMI &GreaterEqual; 30 (crude estimate) (%)",numeric,EUR,Europe,Country,HUN,Hungary,Year,2022,true,Sex,Both sexes,SEX_BTSX,Age Group,18+  years,AGEGROUP_YEARS18-PLUS,,,,,,,36.4,,,33.08,,39.65,36.4 [33.1-39.6],,,EN,2024-02-28T23:00:00.000Z
NCD_BMI_30C,"Prevalence of obesity among adults, BMI &GreaterEqual; 30 (crude estimate) (%)",numeric,EMR,Eastern Mediterranean,Country,BHR,Bahrain,Year,2022,true,Sex,Both sexes,SEX_BTSX,Age Group,18+  years,AGEGROUP_YEARS18-PLUS,,,,,,,37.19,,,30.13,,44.53,37.2 [30.1-44.5],,,EN,2024-02-28T23:00:00.000Z
NCD_BMI_30C,"Prevalence of obesity among adults, BMI &GreaterEqual; 30 (crude estimate) (%)",numeric,EMR,Eastern Mediterranean,Country,IRQ,Iraq,Year,2022,true,Sex,Both sexes,SEX_BTSX,Age Group,18+  years,AGEGROUP_YEARS18-PLUS,,,,,,,37.36,,,32.99,,42.16,37.4 [33.0-42.2],,,EN,2024-02-28T23:00:00.000Z
NCD_BMI_30C,"Prevalence of obesity among adults, BMI &GreaterEqual; 30 (crude estimate) (%)",numeric,AMR,Americas,Country,BRB,Barbados,Year,2022,true,Sex,Both sexes,SEX_BTSX,Age Group,18+  years,AGEGROUP_YEARS18-PLUS,,,,,,,38.23,,,32.51,,44.3,38.2 [32.5-44.3],,,EN,2024-02-28T23:00:00.000Z
NCD_BMI_30C,"Prevalence of obesity among adults, BMI &GreaterEqual; 30 (crude estimate) (%)",numeric,EUR,Europe,Country,ROU,Romania,Year,2022,true,Sex,Both sexes,SEX_BTSX,Age Group,18+  years,AGEGROUP_YEARS18-PLUS,,,,,,,38.24,,,34.21,,42.21,38.2 [34.2-42.2],,,EN,2024-02-28T23:00:00.000Z
NCD_BMI_30C,"Prevalence of obesity among adults, BMI &GreaterEqual; 30 (crude estimate) (%)",numeric,EUR,Europe,Country,GEO,Georgia,Year,2022,true,Sex,Both sexes,SEX_BTSX,Age Group,18+  years,AGEGROUP_YEARS18-PLUS,,,,,,,38.94,,,34.38,,43.41,38.9 [34.4-43.4],,,EN,2024-02-28T23:00:00.000Z
NCD_BMI_30C,"Prevalence of obesity among adults, BMI &GreaterEqual; 30 (crude estimate) (%)",numeric,AMR,Americas,Country,CHL,Chile,Year,2022,true,Sex,Both sexes,SEX_BTSX,Age Group,18+  years,AGEGROUP_YEARS18-PLUS,,,,,,,39.52,,,35.41,,43.6,39.5 [35.4-43.6],,,EN,2024-02-28T23:00:00.000Z
NCD_BMI_30C,"Prevalence of obesity among adults, BMI &GreaterEqual; 30 (crude estimate) (%)",numeric,AFR,Africa,Country,ERI,Eritrea,Year,2022,true,Sex,Both sexes,SEX_BTSX,Age Group,18+  years,AGEGROUP_YEARS18-PLUS,,,,,,,4.2,,,2.69,,6.12,4.2 [2.7-6.1],,,EN,2024-02-28T23:00:00.000Z
NCD_BMI_30C,"Prevalence of obesity among adults, BMI &GreaterEqual; 30 (crude estimate) (%)",numeric,WPR,Western Pacific,Country,KHM,Cambodia,Year,2022,true,Sex,Both sexes,SEX_BTSX,Age Group,18+  years,AGEGROUP_YEARS18-PLUS,,,,,,,4.39,,,3.67,,5.22,4.4 [3.7-5.2],,,EN,2024-02-28T23:00:00.000Z
NCD_BMI_30C,"Prevalence of obesity among adults, BMI &GreaterEqual; 30 (crude estimate) (%)",numeric,AFR,Africa,Country,BDI,Burundi,Year,2022,true,Sex,Both sexes,SEX_BTSX,Age Group,18+  years,AGEGROUP_YEARS18-PLUS,,,,,,,4.53,,,2.62,,7.66,4.5 [2.6-7.7],,,EN,2024-02-28T23:00:00.000Z
NCD_BMI_30C,"Prevalence of obesity among adults, BMI &GreaterEqual; 30 (crude estimate) (%)",numeric,AFR,Africa,Country,RWA,Rwanda,Year,2022,true,Sex,Both sexes,SEX_BTSX,Age Group,18+  years,AGEGROUP_YEARS18-PLUS,,,,,,,4.57,,,3.85,,5.39,4.6 [3.8-5.4],,,EN,2024-02-28T23:00:00.000Z
NCD_BMI_30C,"Prevalence of obesity among adults, BMI &GreaterEqual; 30 (crude estimate) (%)",numeric,WPR,Western Pacific,Country,JPN,Japan,Year,2022,true,Sex,Both sexes,SEX_BTSX,Age Group,18+  years,AGEGROUP_YEARS18-PLUS,,,,,,,4.94,,,4.13,,5.8,4.9 [4.1-5.8],,,EN,2024-02-28T23:00:00.000Z
NCD_BMI_30C,"Prevalence of obesity among adults, BMI &GreaterEqual; 30 (crude estimate) (%)",numeric,AMR,Americas,Country,PRI,Puerto Rico,Year,2022,true,Sex,Both sexes,SEX_BTSX,Age Group,18+  years,AGEGROUP_YEARS18-PLUS,,,,,,,41.01,,,34.49,,47.56,41.0 [34.5-47.6],,,EN,2024-02-28T23:00:00.000Z
NCD_BMI_30C,"Prevalence of obesity among adults, BMI &GreaterEqual; 30 (crude estimate) (%)",numeric,EMR,Eastern Mediterranean,Country,SAU,Saudi Arabia,Year,2022,true,Sex,Both sexes,SEX_BTSX,Age Group,18+  years,AGEGROUP_YEARS18-PLUS,,,,,,,41.11,,,36.08,,46.41,41.1 [36.1-46.4],,,EN,2024-02-28T23:00:00.000Z
NCD_BMI_30C,"Prevalence of obesity among adults, BMI &GreaterEqual; 30 (crude estimate) (%)",numeric,AMR,Americas,Country,BLZ,Belize,Year,2022,true,Sex,Both sexes,SEX_BTSX,Age Group,18+  years,AGEGROUP_YEARS18-PLUS,,,,,,,41.91,,,37.52,,46.33,41.9 [37.5-46.3],,,EN,2024-02-28T23:00:00.000Z
NCD_BMI_30C,"Prevalence of obesity among adults, BMI &GreaterEqual; 30 (crude estimate) (%)",numeric,WPR,Western Pacific,Country,PLW,Palau,Year,2022,true,Sex,Both sexes,SEX_BTSX,Age Group,18+  years,AGEGROUP_YEARS18-PLUS,,,,,,,42.2,,,37.27,,47.22,42.2 [37.3-47.2],,,EN,2024-02-28T23:00:00.000Z
NCD_BMI_30C,"Prevalence of obesity among adults, BMI &GreaterEqual; 30 (crude estimate) (%)",numeric,AMR,Americas,Country,USA,United States of America,Year,2022,true,Sex,Both sexes,SEX_BTSX,Age Group,18+  years,AGEGROUP_YEARS18-PLUS,,,,,,,42.87,,,40.22,,45.58,42.9 [40.2-45.6],,,EN,2024-02-28T23:00:00.000Z
NCD_BMI_30C,"Prevalence of obesity among adults, BMI &GreaterEqual; 30 (crude estimate) (%)",numeric,EMR,Eastern Mediterranean,Country,EGY,Egypt,Year,2022,true,Sex,Both sexes,SEX_BTSX,Age Group,18+  years,AGEGROUP_YEARS18-PLUS,,,,,,,42.99,,,39.67,,46.46,43.0 [39.7-46.5],,,EN,2024-02-28T23:00:00.000Z
NCD_BMI_30C,"Prevalence of obesity among adults, BMI &GreaterEqual; 30 (crude estimate) (%)",numeric,EMR,Eastern Mediterranean,Country,QAT,Qatar,Year,2022,true,Sex,Both sexes,SEX_BTSX,Age Group,18+  years,AGEGROUP_YEARS18-PLUS,,,,,,,43.76,,,36.93,,50.7,43.8 [36.9-50.7],,,EN,2024-02-28T23:00:00.000Z
NCD_BMI_30C,"Prevalence of obesity among adults, BMI &GreaterEqual; 30 (crude estimate) (%)",numeric,EMR,Eastern Mediterranean,Country,KWT,Kuwait,Year,2022,true,Sex,Both sexes,SEX_BTSX,Age Group,18+  years,AGEGROUP_YEARS18-PLUS,,,,,,,45.36,,,40.55,,50.14,45.4 [40.6-50.1],,,EN,2024-02-28T23:00:00.000Z
NCD_BMI_30C,"Prevalence of obesity among adults, BMI &GreaterEqual; 30 (crude estimate) (%)",numeric,WPR,Western Pacific,Country,FSM,Micronesia (Federated States of),Year,2022,true,Sex,Both sexes,SEX_BTSX,Age Group,18+  years,AGEGROUP_YEARS18-PLUS,,,,,,,45.6,,,39.73,,51.31,45.6 [39.7-51.3],,,EN,2024-02-28T23:00:00.000Z
NCD_BMI_30C,"Prevalence of obesity among adults, BMI &GreaterEqual; 30 (crude estimate) (%)",numeric,WPR,Western Pacific,Country,KIR,Kiribati,Year,2022,true,Sex,Both sexes,SEX_BTSX,Age Group,18+  years,AGEGROUP_YEARS18-PLUS,,,,,,,46.19,,,41.01,,51.42,46.2 [41.0-51.4],,,EN,2024-02-28T23:00:00.000Z
NCD_BMI_30C,"Prevalence of obesity among adults, BMI &GreaterEqual; 30 (crude estimate) (%)",numeric,AMR,Americas,Country,KNA,Saint Kitts and Nevis,Year,2022,true,Sex,Both sexes,SEX_BTSX,Age Group,18+  years,AGEGROUP_YEARS18-PLUS,,,,,,,46.62,,,38.73,,54.54,46.6 [38.7-54.5],,,EN,2024-02-28T23:00:00.000Z
NCD_BMI_30C,"Prevalence of obesity among adults, BMI &GreaterEqual; 30 (crude estimate) (%)",numeric,WPR,Western Pacific,Country,MHL,Marshall Islands,Year,2022,true,Sex,Both sexes,SEX_BTSX,Age Group,18+  years,AGEGROUP_YEARS18-PLUS,,,,,,,47.29,,,42.98,,51.46,47.3 [43.0-51.5],,,EN,2024-02-28T23:00:00.000Z
NCD_BMI_30C,"Prevalence of obesity among adults, BMI &GreaterEqual; 30 (crude estimate) (%)",numeric,AMR,Americas,Country,BHS,Bahamas,Year,2022,true,Sex,Both sexes,SEX_BTSX,Age Group,18+  years,AGEGROUP_YEARS18-PLUS,,,,,,,47.61,,,43.76,,51.69,47.6 [43.8-51.7],,,EN,2024-02-28T23:00:00.000Z
NCD_BMI_30C,"Prevalence of obesity among adults, BMI &GreaterEqual; 30 (crude estimate) (%)",numeric,WPR,Western Pacific,Country,PYF,French Polynesia,Year,2022,true,Sex,Both sexes,SEX_BTSX,Age Group,18+  years,AGEGROUP_YEARS18-PLUS,,,,,,,48.42,,,41.33,,55.57,48.4 [41.3-55.6],,,EN,2024-02-28T23:00:00.000Z
NCD_BMI_30C,"Prevalence of obesity among adults, BMI &GreaterEqual; 30 (crude estimate) (%)",numeric,AFR,Africa,Country,NER,Niger,Year,2022,true,Sex,Both sexes,SEX_BTSX,Age Group,18+  years,AGEGROUP_YEARS18-PLUS,,,,,,,5.33,,,4.37,,6.43,5.3 [4.4-6.4],,,EN,2024-02-28T23:00:00.000Z
NCD_BMI_30C,"Prevalence of obesity among adults, BMI &GreaterEqual; 30 (crude estimate) (%)",numeric,SEAR,South-East Asia,Country,BGD,Bangladesh,Year,2022,true,Sex,Both sexes,SEX_BTSX,Age Group,18+  years,AGEGROUP_YEARS18-PLUS,,,,,,,5.29,,,4.48,,6.2,5.3 [4.5-6.2],,,EN,2024-02-28T23:00:00.000Z
NCD_BMI_30C,"Prevalence of obesity among adults, BMI &GreaterEqual; 30 (crude estimate) (%)",numeric,AFR,Africa,Country,TCD,Chad,Year,2022,true,Sex,Both sexes,SEX_BTSX,Age Group,18+  years,AGEGROUP_YEARS18-PLUS,,,,,,,5.71,,,3.76,,8.39,5.7 [3.8-8.4],,,EN,2024-02-28T23:00:00.000Z
NCD_BMI_30C,"Prevalence of obesity among adults, BMI &GreaterEqual; 30 (crude estimate) (%)",numeric,AFR,Africa,Country,COD,Democratic Republic of the Congo,Year,2022,true,Sex,Both sexes,SEX_BTSX,Age Group,18+  years,AGEGROUP_YEARS18-PLUS,,,,,,,5.76,,,4.2,,7.54,5.8 [4.2-7.5],,,EN,2024-02-28T23:00:00.000Z
NCD_BMI_30C,"Prevalence of obesity among adults, BMI &GreaterEqual; 30 (crude estimate) (%)",numeric,AFR,Africa,Country,BFA,Burkina Faso,Year,2022,true,Sex,Both sexes,SEX_BTSX,Age Group,18+  years,AGEGROUP_YEARS18-PLUS,,,,,,,6.1,,,5.17,,7.08,6.1 [5.2-7.1],,,EN,2024-02-28T23:00:00.000Z
NCD_BMI_30C,"Prevalence of obesity among adults, BMI &GreaterEqual; 30 (crude estimate) (%)",numeric,AFR,Africa,Country,MWI,Malawi,Year,2022,true,Sex,Both sexes,SEX_BTSX,Age Group,18+  years,AGEGROUP_YEARS18-PLUS,,,,,,,6.37,,,5.1,,7.8,6.4 [5.1-7.8],,,EN,2024-02-28T23:00:00.000Z
NCD_BMI_30C,"Prevalence of obesity among adults, BMI &GreaterEqual; 30 (crude estimate) (%)",numeric,AFR,Africa,Country,SLE,Sierra Leone,Year,2022,true,Sex,Both sexes,SEX_BTSX,Age Group,18+  years,AGEGROUP_YEARS18-PLUS,,,,,,,6.48,,,5.23,,7.89,6.5 [5.2-7.9],,,EN,2024-02-28T23:00:00.000Z
NCD_BMI_30C,"Prevalence of obesity among adults, BMI &GreaterEqual; 30 (crude estimate) (%)",numeric,SEAR,South-East Asia,Country,NPL,Nepal,Year,2022,true,Sex,Both sexes,SEX_BTSX,Age Group,18+  years,AGEGROUP_YEARS18-PLUS,,,,,,,6.58,,,5.49,,7.76,6.6 [5.5-7.8],,,EN,2024-02-28T23:00:00.000Z
NCD_BMI_30C,"Prevalence of obesity among adults, BMI &GreaterEqual; 30 (crude estimate) (%)",numeric,WPR,Western Pacific,Country,KOR,Republic of Korea,Year,2022,true,Sex,Both sexes,SEX_BTSX,Age Group,18+  years,AGEGROUP_YEARS18-PLUS,,,,,,,6.73,,,6.02,,7.49,6.7 [6.0-7.5],,,EN,2024-02-28T23:00:00.000Z
NCD_BMI_30C,"Prevalence of obesity among adults, BMI &GreaterEqual; 30 (crude estimate) (%)",numeric,AFR,Africa,Country,UGA,Uganda,Year,2022,true,Sex,Both sexes,SEX_BTSX,Age Group,18+  years,AGEGROUP_YEARS18-PLUS,,,,,,,6.88,,,5.94,,7.96,6.9 [5.9-8.0],,,EN,2024-02-28T23:00:00.000Z
NCD_BMI_30C,"Prevalence of obesity among adults, BMI &GreaterEqual; 30 (crude estimate) (%)",numeric,WPR,Western Pacific,Country,WSM,Samoa,Year,2022,true,Sex,Both sexes,SEX_BTSX,Age Group,18+  years,AGEGROUP_YEARS18-PLUS,,,,,,,61.24,,,55.73,,66.53,61.2 [55.7-66.5],,,EN,2024-02-28T23:00:00.000Z
NCD_BMI_30C,"Prevalence of obesity among adults, BMI &GreaterEqual; 30 (crude estimate) (%)",numeric,WPR,Western Pacific,Country,TUV,Tuvalu,Year,2022,true,Sex,Both sexes,SEX_BTSX,Age Group,18+  years,AGEGROUP_YEARS18-PLUS,,,,,,,63.93,,,58.32,,69.25,63.9 [58.3-69.3],,,EN,2024-02-28T23:00:00.000Z
NCD_BMI_30C,"Prevalence of obesity among adults, BMI &GreaterEqual; 30 (crude estimate) (%)",numeric,WPR,Western Pacific,Country,NIU,Niue,Year,2022,true,Sex,Both sexes,SEX_BTSX,Age Group,18+  years,AGEGROUP_YEARS18-PLUS,,,,,,,66.46,,,60.02,,72.4,66.5 [60.0-72.4],,,EN,2024-02-28T23:00:00.000Z
NCD_BMI_30C,"Prevalence of obesity among adults, BMI &GreaterEqual; 30 (crude estimate) (%)",numeric,WPR,Western Pacific,Country,COK,Cook Islands,Year,2022,true,Sex,Both sexes,SEX_BTSX,Age Group,18+  years,AGEGROUP_YEARS18-PLUS,,,,,,,68.42,,,62.54,,73.83,68.4 [62.5-73.8],,,EN,2024-02-28T23:00:00.000Z
NCD_BMI_30C,"Prevalence of obesity among adults, BMI &GreaterEqual; 30 (crude estimate) (%)",numeric,WPR,Western Pacific,Country,TKL,Tokelau,Year,2022,true,Sex,Both sexes,SEX_BTSX,Age Group,18+  years,AGEGROUP_YEARS18-PLUS,,,,,,,69.21,,,63.31,,74.7,69.2 [63.3-74.7],,,EN,2024-02-28T23:00:00.000Z
NCD_BMI_30C,"Prevalence of obesity among adults, BMI &GreaterEqual; 30 (crude estimate) (%)",numeric,SEAR,South-East Asia,Country,IND,India,Year,2022,true,Sex,Both sexes,SEX_BTSX,Age Group,18+  years,AGEGROUP_YEARS18-PLUS,,,,,,,7.21,,,6.45,,8.02,7.2 [6.5-8.0],,,EN,2024-02-28T23:00:00.000Z
NCD_BMI_30C,"Prevalence of obesity among adults, BMI &GreaterEqual; 30 (crude estimate) (%)",numeric,SEAR,South-East Asia,Country,MMR,Myanmar,Year,2022,true,Sex,Both sexes,SEX_BTSX,Age Group,18+  years,AGEGROUP_YEARS18-PLUS,,,,,,,7.54,,,5.79,,9.53,7.5 [5.8-9.5],,,EN,2024-02-28T23:00:00.000Z
NCD_BMI_30C,"Prevalence of obesity among adults, BMI &GreaterEqual; 30 (crude estimate) (%)",numeric,AFR,Africa,Country,CAF,Central African Republic,Year,2022,true,Sex,Both sexes,SEX_BTSX,Age Group,18+  years,AGEGROUP_YEARS18-PLUS,,,,,,,7.67,,,5.56,,10.25,7.7 [5.6-10.2],,,EN,2024-02-28T23:00:00.000Z
NCD_BMI_30C,"Prevalence of obesity among adults, BMI &GreaterEqual; 30 (crude estimate) (%)",numeric,WPR,Western Pacific,Country,LAO,Lao People's Democratic Republic,Year,2022,true,Sex,Both sexes,SEX_BTSX,Age Group,18+  years,AGEGROUP_YEARS18-PLUS,,,,,,,7.76,,,5.53,,10.45,7.8 [5.5-10.5],,,EN,2024-02-28T23:00:00.000Z
NCD_BMI_30C,"Prevalence of obesity among adults, BMI &GreaterEqual; 30 (crude estimate) (%)",numeric,WPR,Western Pacific,Country,NRU,Nauru,Year,2022,true,Sex,Both sexes,SEX_BTSX,Age Group,18+  years,AGEGROUP_YEARS18-PLUS,,,,,,,70.18,,,65.06,,74.97,70.2 [65.1-75.0],,,EN,2024-02-28T23:00:00.000Z
NCD_BMI_30C,"Prevalence of obesity among adults, BMI &GreaterEqual; 30 (crude estimate) (%)",numeric,WPR,Western Pacific,Country,TON,Tonga,Year,2022,true,Sex,Both sexes,SEX_BTSX,Age Group,18+  years,AGEGROUP_YEARS18-PLUS,,,,,,,70.54,,,66.37,,74.48,70.5 [66.4-74.5],,,EN,2024-02-28T23:00:00.000Z
NCD_BMI_30C,"Prevalence of obesity among adults, BMI &GreaterEqual; 30 (crude estimate) (%)",numeric,WPR,Western Pacific,Country,ASM,American Samoa,Year,2022,true,Sex,Both sexes,SEX_BTSX,Age Group,18+  years,AGEGROUP_YEARS18-PLUS,,,,,,,75.56,,,68.79,,81.48,75.6 [68.8-81.5],,,EN,2024-02-28T23:00:00.000Z
NCD_BMI_30C,"Prevalence of obesity among adults, BMI &GreaterEqual; 30 (crude estimate) (%)",numeric,AFR,Africa,Country,SSD,South Sudan,Year,2022,true,Sex,Both sexes,SEX_BTSX,Age Group,18+  years,AGEGROUP_YEARS18-PLUS,,,,,,,7.98,,,5.08,,11.6,8.0 [5.1-11.6],,,EN,2024-02-28T23:00:00.000Z
NCD_BMI_30C,"Prevalence of obesity among adults, BMI &GreaterEqual; 30 (crude estimate) (%)",numeric,AFR,Africa,Country,COG,Congo,Year,2022,true,Sex,Both sexes,SEX_BTSX,Age Group,18+  years,AGEGROUP_YEARS18-PLUS,,,,,,,7.96,,,5.77,,10.49,8.0 [5.8-10.5],,,EN,2024-02-28T23:00:00.000Z
NCD_BMI_30C,"Prevalence of obesity among adults, BMI &GreaterEqual; 30 (crude estimate) (%)",numeric,WPR,Western Pacific,Country,CHN,China,Year,2022,true,Sex,Both sexes,SEX_BTSX,Age Group,18+  years,AGEGROUP_YEARS18-PLUS,,,,,,,8.21,,,7.19,,9.31,8.2 [7.2-9.3],,,EN,2024-02-28T23:00:00.000Z
NCD_BMI_30C,"Prevalence of obesity among adults, BMI &GreaterEqual; 30 (crude estimate) (%)",numeric,AFR,Africa,Country,GIN,Guinea,Year,2022,true,Sex,Both sexes,SEX_BTSX,Age Group,18+  years,AGEGROUP_YEARS18-PLUS,,,,,,,8.29,,,6.36,,10.59,8.3 [6.4-10.6],,,EN,2024-02-28T23:00:00.000Z
NCD_BMI_30C,"Prevalence of obesity among adults, BMI &GreaterEqual; 30 (crude estimate) (%)",numeric,AFR,Africa,Country,SEN,Senegal,Year,2022,true,Sex,Both sexes,SEX_BTSX,Age Group,18+  years,AGEGROUP_YEARS18-PLUS,,,,,,,8.68,,,6.8,,10.76,8.7 [6.8-10.8],,,EN,2024-02-28T23:00:00.000Z
NCD_BMI_30C,"Prevalence of obesity among adults, BMI &GreaterEqual; 30 (crude estimate) (%)",numeric,WPR,Western Pacific,Country,PHL,Philippines,Year,2022,true,Sex,Both sexes,SEX_BTSX,Age Group,18+  years,AGEGROUP_YEARS18-PLUS,,,,,,,8.74,,,6.9,,10.76,8.7 [6.9-10.8],,,EN,2024-02-28T23:00:00.000Z
NCD_BMI_30C,"Prevalence of obesity among adults, BMI &GreaterEqual; 30 (crude estimate) (%)",numeric,AFR,Africa,Country,MOZ,Mozambique,Year,2022,true,Sex,Both sexes,SEX_BTSX,Age Group,18+  years,AGEGROUP_YEARS18-PLUS,,,,,,,8.78,,,6.77,,11.12,8.8 [6.8-11.1],,,EN,2024-02-28T23:00:00.000Z
NCD_BMI_30C,"Prevalence of obesity among adults, BMI &GreaterEqual; 30 (crude estimate) (%)",numeric,AFR,Africa,Country,ZMB,Zambia,Year,2022,true,Sex,Both sexes,SEX_BTSX,Age Group,18+  years,AGEGROUP_YEARS18-PLUS,,,,,,,9.42,,,7.64,,11.39,9.4 [7.6-11.4],,,EN,2024-02-28T23:00:00.000Z
NCD_BMI_30C,"Prevalence of obesity among adults, BMI &GreaterEqual; 30 (crude estimate) (%)",numeric,AFR,Africa,Country,BEN,Benin,Year,2022,true,Sex,Both sexes,SEX_BTSX,Age Group,18+  years,AGEGROUP_YEARS18-PLUS,,,,,,,9.89,,,8.1,,11.89,9.9 [8.1-11.9],,,EN,2024-02-28T23:00:00.000Z
