IndicatorCode,Indicator,ValueType,ParentLocationCode,ParentLocation,Location type,SpatialDimValueCode,Location,Period type,Period,IsLatestYear,Dim1 type,Dim1,Dim1ValueCode,Dim2 type,Dim2,Dim2ValueCode,Dim3 type,Dim3,Dim3ValueCode,DataSourceDimValueCode,DataSource,FactValueNumericPrefix,FactValueNumeric,FactValueUoM,FactValueNumericLowPrefix,FactValueNumericLow,FactValueNumericHighPrefix,FactValueNumericHigh,Value,FactValueTranslationID,FactComments,Language,DateModified
NCD_BMI_18C,"Prevalence of underweight among adults, BMI < 18 (crude estimate) (%)",numeric,WPR,Western Pacific,Country,TON,Tonga,Year,2022,True,Sex,Both sexes,SEX_BTSX,Age Group,18+  years,AGEGROUP_YEARS18-PLUS,,,,,,,0.27,,,0.085,,0.59,0.3 [0.1-0.6],,,EN,2024-02-28T23:00:00.000Z
NCD_BMI_18C,"Prevalence of underweight among adults, BMI < 18 (crude estimate) (%)",numeric,WPR,Western Pacific,Country,ASM,American Samoa,Year,2022,True,Sex,Both sexes,SEX_BTSX,Age Group,18+  years,AGEGROUP_YEARS18-PLUS,,,,,,,0.29,,,0.067,,0.77,0.3 [0.1-0.8],,,EN,2024-02-28T23:00:00.000Z
NCD_BMI_18C,"Prevalence of underweight among adults, BMI < 18 (crude estimate) (%)",numeric,WPR,Western Pacific,Country,NRU,Nauru,Year,2022,True,Sex,Both sexes,SEX_BTSX,Age Group,18+  years,AGEGROUP_YEARS18-PLUS,,,,,,,0.36,,,0.12,,0.83,0.4 [0.1-0.8],,,EN,2024-02-28T23:00:00.000Z
NCD_BMI_18C,"Prevalence of underweight among adults, BMI < 18 (crude estimate) (%)",numeric,WPR,Western Pacific,Country,WSM,Samoa,Year,2022,True,Sex,Both sexes,SEX_BTSX,Age Group,18+  years,AGEGROUP_YEARS18-PLUS,,,,,,,0.4,,,0.13,,0.86,0.4 [0.1-0.9],,,EN,2024-02-28T23:00:00.000Z
NCD_BMI_18C,"Prevalence of underweight among adults, BMI < 18 (crude estimate) (%)",numeric,WPR,Western Pacific,Country,TKL,Tokelau,Year,2022,True,Sex,Both sexes,SEX_BTSX,Age Group,18+  years,AGEGROUP_YEARS18-PLUS,,,,,,,0.53,,,0.12,,1.32,0.5 [0.1-1.3],,,EN,2024-02-28T23:00:00.000Z
NCD_BMI_18C,"Prevalence of underweight among adults, BMI < 18 (crude estimate) (%)",numeric,WPR,Western Pacific,Country,COK,Cook Islands,Year,2022,True,Sex,Both sexes,SEX_BTSX,Age Group,18+  years,AGEGROUP_YEARS18-PLUS,,,,,,,0.53,,,0.16,,1.26,0.5 [0.2-1.3],,,EN,2024-02-28T23:00:00.000Z
NCD_BMI_18C,"Prevalence of underweight among adults, BMI < 18 (crude estimate) (%)",numeric,WPR,Western Pacific,Country,TUV,Tuvalu,Year,2022,True,Sex,Both sexes,SEX_BTSX,Age Group,18+  years,AGEGROUP_YEARS18-PLUS,,,,,,,0.7,,,0.22,,1.51,0.7 [0.2-1.5],,,EN,2024-02-28T23:00:00.000Z
NCD_BMI_18C,"Prevalence of underweight among adults, BMI < 18 (crude estimate) (%)",numeric,WPR,Western Pacific,Country,NIU,Niue,Year,2022,True,Sex,Both sexes,SEX_BTSX,Age Group,18+  years,AGEGROUP_YEARS18-PLUS,,,,,,,0.72,,,0.21,,1.66,0.7 [0.2-1.7],,,EN,2024-02-28T23:00:00.000Z
NCD_BMI_18C,"Prevalence of underweight among adults, BMI < 18 (crude estimate) (%)",numeric,WPR,Western Pacific,Country,KIR,Kiribati,Year,2022,True,Sex,Both sexes,SEX_BTSX,Age Group,18+  years,AGEGROUP_YEARS18-PLUS,,,,,,,0.71,,,0.28,,1.43,0.7 [0.3-1.4],,,EN,2024-02-28T23:00:00.000Z
NCD_BMI_18C,"Prevalence of underweight among adults, BMI < 18 (crude estimate) (%)",numeric,AMR,Americas,Country,CHL,Chile,Year,2022,True,Sex,Both sexes,SEX_BTSX,Age Group,18+  years,AGEGROUP_YEARS18-PLUS,,,,,,,0.69,,,0.37,,1.12,0.7 [0.4-1.1],,,EN,2024-02-28T23:00:00.000Z
NCD_BMI_18C,"Prevalence of underweight among adults, BMI < 18 (crude estimate) (%)",numeric,EMR,Eastern Mediterranean,Country,KWT,Kuwait,Year,2022,True,Sex,Both sexes,SEX_BTSX,Age Group,18+  years,AGEGROUP_YEARS18-PLUS,,,,,,,0.76,,,0.44,,1.23,0.8 [0.4-1.2],,,EN,2024-02-28T23:00:00.000Z
NCD_BMI_18C,"Prevalence of underweight among adults, BMI < 18 (crude estimate) (%)",numeric,AMR,Americas,Country,PER,Peru,Year,2022,True,Sex,Both sexes,SEX_BTSX,Age Group,18+  years,AGEGROUP_YEARS18-PLUS,,,,,,,1.01,,,0.82,,1.22,1.0 [0.8-1.2],,,EN,2024-02-28T23:00:00.000Z
NCD_BMI_18C,"Prevalence of underweight among adults, BMI < 18 (crude estimate) (%)",numeric,EUR,Europe,Country,IRL,Ireland,Year,2022,True,Sex,Both sexes,SEX_BTSX,Age Group,18+  years,AGEGROUP_YEARS18-PLUS,,,,,,,1.14,,,0.69,,1.74,1.1 [0.7-1.7],,,EN,2024-02-28T23:00:00.000Z
NCD_BMI_18C,"Prevalence of underweight among adults, BMI < 18 (crude estimate) (%)",numeric,WPR,Western Pacific,Country,PLW,Palau,Year,2022,True,Sex,Both sexes,SEX_BTSX,Age Group,18+  years,AGEGROUP_YEARS18-PLUS,,,,,,,1.21,,,0.61,,2.08,1.2 [0.6-2.1],,,EN,2024-02-28T23:00:00.000Z
NCD_BMI_18C,"Prevalence of underweight among adults, BMI < 18 (crude estimate) (%)",numeric,EUR,Europe,Country,FIN,Finland,Year,2022,True,Sex,Both sexes,SEX_BTSX,Age Group,18+  years,AGEGROUP_YEARS18-PLUS,,,,,,,1.19,,,0.74,,1.77,1.2 [0.7-1.8],,,EN,2024-02-28T23:00:00.000Z
NCD_BMI_18C,"Prevalence of underweight among adults, BMI < 18 (crude estimate) (%)",numeric,EUR,Europe,Country,CZE,Czechia,Year,2022,True,Sex,Both sexes,SEX_BTSX,Age Group,18+  years,AGEGROUP_YEARS18-PLUS,,,,,,,1.24,,,0.8,,1.8,1.2 [0.8-1.8],,,EN,2024-02-28T23:00:00.000Z
NCD_BMI_18C,"Prevalence of underweight among adults, BMI < 18 (crude estimate) (%)",numeric,EUR,Europe,Country,NOR,Norway,Year,2022,True,Sex,Both sexes,SEX_BTSX,Age Group,18+  years,AGEGROUP_YEARS18-PLUS,,,,,,,1.27,,,0.7,,2.13,1.3 [0.7-2.1],,,EN,2024-02-28T23:00:00.000Z
NCD_BMI_18C,"Prevalence of underweight among adults, BMI < 18 (crude estimate) (%)",numeric,EUR,Europe,Country,SWE,Sweden,Year,2022,True,Sex,Both sexes,SEX_BTSX,Age Group,18+  years,AGEGROUP_YEARS18-PLUS,,,,,,,1.32,,,0.7,,2.2,1.3 [0.7-2.2],,,EN,2024-02-28T23:00:00.000Z
NCD_BMI_18C,"Prevalence of underweight among adults, BMI < 18 (crude estimate) (%)",numeric,EUR,Europe,Country,ALB,Albania,Year,2022,True,Sex,Both sexes,SEX_BTSX,Age Group,18+  years,AGEGROUP_YEARS18-PLUS,,,,,,,1.29,,,0.84,,1.89,1.3 [0.8-1.9],,,EN,2024-02-28T23:00:00.000Z
NCD_BMI_18C,"Prevalence of underweight among adults, BMI < 18 (crude estimate) (%)",numeric,EUR,Europe,Country,GRC,Greece,Year,2022,True,Sex,Both sexes,SEX_BTSX,Age Group,18+  years,AGEGROUP_YEARS18-PLUS,,,,,,,1.31,,,0.85,,1.89,1.3 [0.8-1.9],,,EN,2024-02-28T23:00:00.000Z
NCD_BMI_18C,"Prevalence of underweight among adults, BMI < 18 (crude estimate) (%)",numeric,EUR,Europe,Country,UKR,Ukraine,Year,2022,True,Sex,Both sexes,SEX_BTSX,Age Group,18+  years,AGEGROUP_YEARS18-PLUS,,,,,,,1.32,,,0.79,,2.08,1.3 [0.8-2.1],,,EN,2024-02-28T23:00:00.000Z
NCD_BMI_18C,"Prevalence of underweight among adults, BMI < 18 (crude estimate) (%)",numeric,WPR,Western Pacific,Country,NZL,New Zealand,Year,2022,True,Sex,Both sexes,SEX_BTSX,Age Group,18+  years,AGEGROUP_YEARS18-PLUS,,,,,,,1.28,,,1.01,,1.59,1.3 [1.0-1.6],,,EN,2024-02-28T23:00:00.000Z
NCD_BMI_18C,"Prevalence of underweight among adults, BMI < 18 (crude estimate) (%)",numeric,EUR,Europe,Country,LTU,Lithuania,Year,2022,True,Sex,Both sexes,SEX_BTSX,Age Group,18+  years,AGEGROUP_YEARS18-PLUS,,,,,,,1.35,,,0.55,,2.67,1.4 [0.5-2.7],,,EN,2024-02-28T23:00:00.000Z
NCD_BMI_18C,"Prevalence of underweight among adults, BMI < 18 (crude estimate) (%)",numeric,WPR,Western Pacific,Country,PYF,French Polynesia,Year,2022,True,Sex,Both sexes,SEX_BTSX,Age Group,18+  years,AGEGROUP_YEARS18-PLUS,,,,,,,1.39,,,0.56,,2.68,1.4 [0.6-2.7],,,EN,2024-02-28T23:00:00.000Z
NCD_BMI_18C,"Prevalence of underweight among adults, BMI < 18 (crude estimate) (%)",numeric,EUR,Europe,Country,DEU,Germany,Year,2022,True,Sex,Both sexes,SEX_BTSX,Age Group,18+  years,AGEGROUP_YEARS18-PLUS,,,,,,,1.37,,,0.81,,2.15,1.4 [0.8-2.1],,,EN,2024-02-28T23:00:00.000Z
NCD_BMI_18C,"Prevalence of underweight among adults, BMI < 18 (crude estimate) (%)",numeric,EUR,Europe,Country,HRV,Croatia,Year,2022,True,Sex,Both sexes,SEX_BTSX,Age Group,18+  years,AGEGROUP_YEARS18-PLUS,,,,,,,1.41,,,0.85,,2.14,1.4 [0.9-2.1],,,EN,2024-02-28T23:00:00.000Z
NCD_BMI_18C,"Prevalence of underweight among adults, BMI < 18 (crude estimate) (%)",numeric,EUR,Europe,Country,MLT,Malta,Year,2022,True,Sex,Both sexes,SEX_BTSX,Age Group,18+  years,AGEGROUP_YEARS18-PLUS,,,,,,,1.51,,,0.72,,2.66,1.5 [0.7-2.7],,,EN,2024-02-28T23:00:00.000Z
NCD_BMI_18C,"Prevalence of underweight among adults, BMI < 18 (crude estimate) (%)",numeric,EUR,Europe,Country,NLD,Netherlands (Kingdom of the),Year,2022,True,Sex,Both sexes,SEX_BTSX,Age Group,18+  years,AGEGROUP_YEARS18-PLUS,,,,,,,1.5,,,0.77,,2.56,1.5 [0.8-2.6],,,EN,2024-02-28T23:00:00.000Z
NCD_BMI_18C,"Prevalence of underweight among adults, BMI < 18 (crude estimate) (%)",numeric,EUR,Europe,Country,EST,Estonia,Year,2022,True,Sex,Both sexes,SEX_BTSX,Age Group,18+  years,AGEGROUP_YEARS18-PLUS,,,,,,,1.5,,,0.85,,2.39,1.5 [0.9-2.4],,,EN,2024-02-28T23:00:00.000Z
NCD_BMI_18C,"Prevalence of underweight among adults, BMI < 18 (crude estimate) (%)",numeric,AMR,Americas,Country,ECU,Ecuador,Year,2022,True,Sex,Both sexes,SEX_BTSX,Age Group,18+  years,AGEGROUP_YEARS18-PLUS,,,,,,,1.51,,,1.04,,2.12,1.5 [1.0-2.1],,,EN,2024-02-28T23:00:00.000Z
NCD_BMI_18C,"Prevalence of underweight among adults, BMI < 18 (crude estimate) (%)",numeric,AMR,Americas,Country,MEX,Mexico,Year,2022,True,Sex,Both sexes,SEX_BTSX,Age Group,18+  years,AGEGROUP_YEARS18-PLUS,,,,,,,1.52,,,1.22,,1.85,1.5 [1.2-1.8],,,EN,2024-02-28T23:00:00.000Z
NCD_BMI_18C,"Prevalence of underweight among adults, BMI < 18 (crude estimate) (%)",numeric,EUR,Europe,Country,PRT,Portugal,Year,2022,True,Sex,Both sexes,SEX_BTSX,Age Group,18+  years,AGEGROUP_YEARS18-PLUS,,,,,,,1.59,,,0.9,,2.57,1.6 [0.9-2.6],,,EN,2024-02-28T23:00:00.000Z
NCD_BMI_18C,"Prevalence of underweight among adults, BMI < 18 (crude estimate) (%)",numeric,EMR,Eastern Mediterranean,Country,EGY,Egypt,Year,2022,True,Sex,Both sexes,SEX_BTSX,Age Group,18+  years,AGEGROUP_YEARS18-PLUS,,,,,,,1.63,,,1.0,,2.52,1.6 [1.0-2.5],,,EN,2024-02-28T23:00:00.000Z
NCD_BMI_18C,"Prevalence of underweight among adults, BMI < 18 (crude estimate) (%)",numeric,WPR,Western Pacific,Country,AUS,Australia,Year,2022,True,Sex,Both sexes,SEX_BTSX,Age Group,18+  years,AGEGROUP_YEARS18-PLUS,,,,,,,1.56,,,1.1,,2.13,1.6 [1.1-2.1],,,EN,2024-02-28T23:00:00.000Z
NCD_BMI_18C,"Prevalence of underweight among adults, BMI < 18 (crude estimate) (%)",numeric,AMR,Americas,Country,ARG,Argentina,Year,2022,True,Sex,Both sexes,SEX_BTSX,Age Group,18+  years,AGEGROUP_YEARS18-PLUS,,,,,,,1.6,,,1.14,,2.16,1.6 [1.1-2.2],,,EN,2024-02-28T23:00:00.000Z
NCD_BMI_18C,"Prevalence of underweight among adults, BMI < 18 (crude estimate) (%)",numeric,EUR,Europe,Country,SVN,Slovenia,Year,2022,True,Sex,Both sexes,SEX_BTSX,Age Group,18+  years,AGEGROUP_YEARS18-PLUS,,,,,,,1.62,,,1.22,,2.09,1.6 [1.2-2.1],,,EN,2024-02-28T23:00:00.000Z
NCD_BMI_18C,"Prevalence of underweight among adults, BMI < 18 (crude estimate) (%)",numeric,EUR,Europe,Country,MNE,Montenegro,Year,2022,True,Sex,Both sexes,SEX_BTSX,Age Group,18+  years,AGEGROUP_YEARS18-PLUS,,,,,,,1.67,,,0.84,,2.96,1.7 [0.8-3.0],,,EN,2024-02-28T23:00:00.000Z
NCD_BMI_18C,"Prevalence of underweight among adults, BMI < 18 (crude estimate) (%)",numeric,WPR,Western Pacific,Country,MHL,Marshall Islands,Year,2022,True,Sex,Both sexes,SEX_BTSX,Age Group,18+  years,AGEGROUP_YEARS18-PLUS,,,,,,,1.72,,,0.99,,2.73,1.7 [1.0-2.7],,,EN,2024-02-28T23:00:00.000Z
NCD_BMI_18C,"Prevalence of underweight among adults, BMI < 18 (crude estimate) (%)",numeric,AMR,Americas,Country,BOL,Bolivia (Plurinational State of),Year,2022,True,Sex,Both sexes,SEX_BTSX,Age Group,18+  years,AGEGROUP_YEARS18-PLUS,,,,,,,1.74,,,1.05,,2.68,1.7 [1.1-2.7],,,EN,2024-02-28T23:00:00.000Z
NCD_BMI_18C,"Prevalence of underweight among adults, BMI < 18 (crude estimate) (%)",numeric,AMR,Americas,Country,CAN,Canada,Year,2022,True,Sex,Both sexes,SEX_BTSX,Age Group,18+  years,AGEGROUP_YEARS18-PLUS,,,,,,,1.75,,,1.21,,2.41,1.7 [1.2-2.4],,,EN,2024-02-28T23:00:00.000Z
NCD_BMI_18C,"Prevalence of underweight among adults, BMI < 18 (crude estimate) (%)",numeric,EUR,Europe,Country,GBR,United Kingdom of Great Britain and Northern Ireland,Year,2022,True,Sex,Both sexes,SEX_BTSX,Age Group,18+  years,AGEGROUP_YEARS18-PLUS,,,,,,,1.71,,,1.33,,2.14,1.7 [1.3-2.1],,,EN,2024-02-28T23:00:00.000Z
NCD_BMI_18C,"Prevalence of underweight among adults, BMI < 18 (crude estimate) (%)",numeric,AMR,Americas,Country,USA,United States of America,Year,2022,True,Sex,Both sexes,SEX_BTSX,Age Group,18+  years,AGEGROUP_YEARS18-PLUS,,,,,,,1.73,,,1.27,,2.26,1.7 [1.3-2.3],,,EN,2024-02-28T23:00:00.000Z
NCD_BMI_18C,"Prevalence of underweight among adults, BMI < 18 (crude estimate) (%)",numeric,EUR,Europe,Country,CYP,Cyprus,Year,2022,True,Sex,Both sexes,SEX_BTSX,Age Group,18+  years,AGEGROUP_YEARS18-PLUS,,,,,,,1.84,,,0.68,,3.73,1.8 [0.7-3.7],,,EN,2024-02-28T23:00:00.000Z
NCD_BMI_18C,"Prevalence of underweight among adults, BMI < 18 (crude estimate) (%)",numeric,EUR,Europe,Country,BIH,Bosnia and Herzegovina,Year,2022,True,Sex,Both sexes,SEX_BTSX,Age Group,18+  years,AGEGROUP_YEARS18-PLUS,,,,,,,1.83,,,0.84,,3.24,1.8 [0.8-3.2],,,EN,2024-02-28T23:00:00.000Z
NCD_BMI_18C,"Prevalence of underweight among adults, BMI < 18 (crude estimate) (%)",numeric,EUR,Europe,Country,ISL,Iceland,Year,2022,True,Sex,Both sexes,SEX_BTSX,Age Group,18+  years,AGEGROUP_YEARS18-PLUS,,,,,,,1.75,,,0.83,,3.15,1.8 [0.8-3.2],,,EN,2024-02-28T23:00:00.000Z
NCD_BMI_18C,"Prevalence of underweight among adults, BMI < 18 (crude estimate) (%)",numeric,EMR,Eastern Mediterranean,Country,QAT,Qatar,Year,2022,True,Sex,Both sexes,SEX_BTSX,Age Group,18+  years,AGEGROUP_YEARS18-PLUS,,,,,,,1.76,,,0.89,,3.15,1.8 [0.9-3.1],,,EN,2024-02-28T23:00:00.000Z
NCD_BMI_18C,"Prevalence of underweight among adults, BMI < 18 (crude estimate) (%)",numeric,EUR,Europe,Country,BEL,Belgium,Year,2022,True,Sex,Both sexes,SEX_BTSX,Age Group,18+  years,AGEGROUP_YEARS18-PLUS,,,,,,,1.8,,,1.1,,2.73,1.8 [1.1-2.7],,,EN,2024-02-28T23:00:00.000Z
NCD_BMI_18C,"Prevalence of underweight among adults, BMI < 18 (crude estimate) (%)",numeric,EUR,Europe,Country,BLR,Belarus,Year,2022,True,Sex,Both sexes,SEX_BTSX,Age Group,18+  years,AGEGROUP_YEARS18-PLUS,,,,,,,1.77,,,1.23,,2.47,1.8 [1.2-2.5],,,EN,2024-02-28T23:00:00.000Z
NCD_BMI_18C,"Prevalence of underweight among adults, BMI < 18 (crude estimate) (%)",numeric,EUR,Europe,Country,POL,Poland,Year,2022,True,Sex,Both sexes,SEX_BTSX,Age Group,18+  years,AGEGROUP_YEARS18-PLUS,,,,,,,1.79,,,1.23,,2.48,1.8 [1.2-2.5],,,EN,2024-02-28T23:00:00.000Z
NCD_BMI_18C,"Prevalence of underweight among adults, BMI < 18 (crude estimate) (%)",numeric,EUR,Europe,Country,HUN,Hungary,Year,2022,True,Sex,Both sexes,SEX_BTSX,Age Group,18+  years,AGEGROUP_YEARS18-PLUS,,,,,,,1.78,,,1.26,,2.45,1.8 [1.3-2.4],,,EN,2024-02-28T23:00:00.000Z
NCD_BMI_18C,"Prevalence of underweight among adults, BMI < 18 (crude estimate) (%)",numeric,EUR,Europe,Country,LVA,Latvia,Year,2022,True,Sex,Both sexes,SEX_BTSX,Age Group,18+  years,AGEGROUP_YEARS18-PLUS,,,,,,,1.92,,,0.87,,3.39,1.9 [0.9-3.4],,,EN,2024-02-28T23:00:00.000Z
NCD_BMI_18C,"Prevalence of underweight among adults, BMI < 18 (crude estimate) (%)",numeric,EUR,Europe,Country,LUX,Luxembourg,Year,2022,True,Sex,Both sexes,SEX_BTSX,Age Group,18+  years,AGEGROUP_YEARS18-PLUS,,,,,,,1.91,,,0.99,,3.27,1.9 [1.0-3.3],,,EN,2024-02-28T23:00:00.000Z
NCD_BMI_18C,"Prevalence of underweight among adults, BMI < 18 (crude estimate) (%)",numeric,EUR,Europe,Country,AUT,Austria,Year,2022,True,Sex,Both sexes,SEX_BTSX,Age Group,18+  years,AGEGROUP_YEARS18-PLUS,,,,,,,1.89,,,1.11,,2.93,1.9 [1.1-2.9],,,EN,2024-02-28T23:00:00.000Z
NCD_BMI_18C,"Prevalence of underweight among adults, BMI < 18 (crude estimate) (%)",numeric,EUR,Europe,Country,ESP,Spain,Year,2022,True,Sex,Both sexes,SEX_BTSX,Age Group,18+  years,AGEGROUP_YEARS18-PLUS,,,,,,,1.88,,,1.16,,2.83,1.9 [1.2-2.8],,,EN,2024-02-28T23:00:00.000Z
NCD_BMI_18C,"Prevalence of underweight among adults, BMI < 18 (crude estimate) (%)",numeric,EUR,Europe,Country,MDA,Republic of Moldova,Year,2022,True,Sex,Both sexes,SEX_BTSX,Age Group,18+  years,AGEGROUP_YEARS18-PLUS,,,,,,,1.87,,,1.27,,2.57,1.9 [1.3-2.6],,,EN,2024-02-28T23:00:00.000Z
NCD_BMI_18C,"Prevalence of underweight among adults, BMI < 18 (crude estimate) (%)",numeric,AFR,Africa,Country,MOZ,Mozambique,Year,2022,True,Sex,Both sexes,SEX_BTSX,Age Group,18+  years,AGEGROUP_YEARS18-PLUS,,,,,,,10.03,,,6.83,,13.74,10.0 [6.8-13.7],,,EN,2024-02-28T23:00:00.000Z
NCD_BMI_18C,"Prevalence of underweight among adults, BMI < 18 (crude estimate) (%)",numeric,AFR,Africa,Country,TZA,United Republic of Tanzania,Year,2022,True,Sex,Both sexes,SEX_BTSX,Age Group,18+  years,AGEGROUP_YEARS18-PLUS,,,,,,,10.53,,,7.35,,14.16,10.5 [7.4-14.2],,,EN,2024-02-28T23:00:00.000Z
NCD_BMI_18C,"Prevalence of underweight among adults, BMI < 18 (crude estimate) (%)",numeric,WPR,Western Pacific,Country,KHM,Cambodia,Year,2022,True,Sex,Both sexes,SEX_BTSX,Age Group,18+  years,AGEGROUP_YEARS18-PLUS,,,,,,,11.15,,,9.16,,13.31,11.1 [9.2-13.3],,,EN,2024-02-28T23:00:00.000Z
NCD_BMI_18C,"Prevalence of underweight among adults, BMI < 18 (crude estimate) (%)",numeric,AFR,Africa,Country,BFA,Burkina Faso,Year,2022,True,Sex,Both sexes,SEX_BTSX,Age Group,18+  years,AGEGROUP_YEARS18-PLUS,,,,,,,11.26,,,9.29,,13.56,11.3 [9.3-13.6],,,EN,2024-02-28T23:00:00.000Z
NCD_BMI_18C,"Prevalence of underweight among adults, BMI < 18 (crude estimate) (%)",numeric,AFR,Africa,Country,GMB,Gambia,Year,2022,True,Sex,Both sexes,SEX_BTSX,Age Group,18+  years,AGEGROUP_YEARS18-PLUS,,,,,,,11.53,,,8.15,,15.6,11.5 [8.2-15.6],,,EN,2024-02-28T23:00:00.000Z
NCD_BMI_18C,"Prevalence of underweight among adults, BMI < 18 (crude estimate) (%)",numeric,AFR,Africa,Country,UGA,Uganda,Year,2022,True,Sex,Both sexes,SEX_BTSX,Age Group,18+  years,AGEGROUP_YEARS18-PLUS,,,,,,,11.48,,,9.48,,13.5,11.5 [9.5-13.5],,,EN,2024-02-28T23:00:00.000Z
NCD_BMI_18C,"Prevalence of underweight among adults, BMI < 18 (crude estimate) (%)",numeric,AFR,Africa,Country,KEN,Kenya,Year,2022,True,Sex,Both sexes,SEX_BTSX,Age Group,18+  years,AGEGROUP_YEARS18-PLUS,,,,,,,11.81,,,9.63,,14.24,11.8 [9.6-14.2],,,EN,2024-02-28T23:00:00.000Z
NCD_BMI_18C,"Prevalence of underweight among adults, BMI < 18 (crude estimate) (%)",numeric,WPR,Western Pacific,Country,VNM,Viet Nam,Year,2022,True,Sex,Both sexes,SEX_BTSX,Age Group,18+  years,AGEGROUP_YEARS18-PLUS,,,,,,,11.75,,,9.69,,13.95,11.8 [9.7-13.9],,,EN,2024-02-28T23:00:00.000Z
NCD_BMI_18C,"Prevalence of underweight among adults, BMI < 18 (crude estimate) (%)",numeric,EMR,Eastern Mediterranean,Country,DJI,Djibouti,Year,2022,True,Sex,Both sexes,SEX_BTSX,Age Group,18+  years,AGEGROUP_YEARS18-PLUS,,,,,,,12.57,,,5.66,,21.7,12.6 [5.7-21.7],,,EN,2024-02-28T23:00:00.000Z
NCD_BMI_18C,"Prevalence of underweight among adults, BMI < 18 (crude estimate) (%)",numeric,AFR,Africa,Country,BWA,Botswana,Year,2022,True,Sex,Both sexes,SEX_BTSX,Age Group,18+  years,AGEGROUP_YEARS18-PLUS,,,,,,,12.55,,,8.65,,17.1,12.6 [8.7-17.1],,,EN,2024-02-28T23:00:00.000Z
NCD_BMI_18C,"Prevalence of underweight among adults, BMI < 18 (crude estimate) (%)",numeric,SEAR,South-East Asia,Country,BGD,Bangladesh,Year,2022,True,Sex,Both sexes,SEX_BTSX,Age Group,18+  years,AGEGROUP_YEARS18-PLUS,,,,,,,12.73,,,10.62,,14.96,12.7 [10.6-15.0],,,EN,2024-02-28T23:00:00.000Z
NCD_BMI_18C,"Prevalence of underweight among adults, BMI < 18 (crude estimate) (%)",numeric,AFR,Africa,Country,COD,Democratic Republic of the Congo,Year,2022,True,Sex,Both sexes,SEX_BTSX,Age Group,18+  years,AGEGROUP_YEARS18-PLUS,,,,,,,12.84,,,8.91,,17.3,12.8 [8.9-17.3],,,EN,2024-02-28T23:00:00.000Z
NCD_BMI_18C,"Prevalence of underweight among adults, BMI < 18 (crude estimate) (%)",numeric,SEAR,South-East Asia,Country,LKA,Sri Lanka,Year,2022,True,Sex,Both sexes,SEX_BTSX,Age Group,18+  years,AGEGROUP_YEARS18-PLUS,,,,,,,12.93,,,10.46,,15.55,12.9 [10.5-15.6],,,EN,2024-02-28T23:00:00.000Z
NCD_BMI_18C,"Prevalence of underweight among adults, BMI < 18 (crude estimate) (%)",numeric,AFR,Africa,Country,NAM,Namibia,Year,2022,True,Sex,Both sexes,SEX_BTSX,Age Group,18+  years,AGEGROUP_YEARS18-PLUS,,,,,,,13.11,,,8.38,,18.55,13.1 [8.4-18.6],,,EN,2024-02-28T23:00:00.000Z
NCD_BMI_18C,"Prevalence of underweight among adults, BMI < 18 (crude estimate) (%)",numeric,AMR,Americas,Country,HTI,Haiti,Year,2022,True,Sex,Both sexes,SEX_BTSX,Age Group,18+  years,AGEGROUP_YEARS18-PLUS,,,,,,,13.23,,,9.01,,18.14,13.2 [9.0-18.1],,,EN,2024-02-28T23:00:00.000Z
NCD_BMI_18C,"Prevalence of underweight among adults, BMI < 18 (crude estimate) (%)",numeric,AFR,Africa,Country,COG,Congo,Year,2022,True,Sex,Both sexes,SEX_BTSX,Age Group,18+  years,AGEGROUP_YEARS18-PLUS,,,,,,,13.63,,,9.29,,18.96,13.6 [9.3-19.0],,,EN,2024-02-28T23:00:00.000Z
NCD_BMI_18C,"Prevalence of underweight among adults, BMI < 18 (crude estimate) (%)",numeric,EMR,Eastern Mediterranean,Country,YEM,Yemen,Year,2022,True,Sex,Both sexes,SEX_BTSX,Age Group,18+  years,AGEGROUP_YEARS18-PLUS,,,,,,,13.58,,,9.37,,18.37,13.6 [9.4-18.4],,,EN,2024-02-28T23:00:00.000Z
NCD_BMI_18C,"Prevalence of underweight among adults, BMI < 18 (crude estimate) (%)",numeric,SEAR,South-East Asia,Country,MMR,Myanmar,Year,2022,True,Sex,Both sexes,SEX_BTSX,Age Group,18+  years,AGEGROUP_YEARS18-PLUS,,,,,,,13.82,,,10.21,,17.66,13.8 [10.2-17.7],,,EN,2024-02-28T23:00:00.000Z
NCD_BMI_18C,"Prevalence of underweight among adults, BMI < 18 (crude estimate) (%)",numeric,SEAR,South-East Asia,Country,IND,India,Year,2022,True,Sex,Both sexes,SEX_BTSX,Age Group,18+  years,AGEGROUP_YEARS18-PLUS,,,,,,,13.86,,,12.22,,15.56,13.9 [12.2-15.6],,,EN,2024-02-28T23:00:00.000Z
NCD_BMI_18C,"Prevalence of underweight among adults, BMI < 18 (crude estimate) (%)",numeric,AFR,Africa,Country,BDI,Burundi,Year,2022,True,Sex,Both sexes,SEX_BTSX,Age Group,18+  years,AGEGROUP_YEARS18-PLUS,,,,,,,15.91,,,10.56,,23.04,15.9 [10.6-23.0],,,EN,2024-02-28T23:00:00.000Z
NCD_BMI_18C,"Prevalence of underweight among adults, BMI < 18 (crude estimate) (%)",numeric,AFR,Africa,Country,TCD,Chad,Year,2022,True,Sex,Both sexes,SEX_BTSX,Age Group,18+  years,AGEGROUP_YEARS18-PLUS,,,,,,,16.0,,,10.79,,21.94,16.0 [10.8-21.9],,,EN,2024-02-28T23:00:00.000Z
NCD_BMI_18C,"Prevalence of underweight among adults, BMI < 18 (crude estimate) (%)",numeric,EMR,Eastern Mediterranean,Country,SDN,Sudan,Year,2022,True,Sex,Both sexes,SEX_BTSX,Age Group,18+  years,AGEGROUP_YEARS18-PLUS,,,,,,,16.09,,,12.36,,20.26,16.1 [12.4-20.3],,,EN,2024-02-28T23:00:00.000Z
NCD_BMI_18C,"Prevalence of underweight among adults, BMI < 18 (crude estimate) (%)",numeric,AFR,Africa,Country,SSD,South Sudan,Year,2022,True,Sex,Both sexes,SEX_BTSX,Age Group,18+  years,AGEGROUP_YEARS18-PLUS,,,,,,,17.1,,,10.84,,24.3,17.1 [10.8-24.3],,,EN,2024-02-28T23:00:00.000Z
NCD_BMI_18C,"Prevalence of underweight among adults, BMI < 18 (crude estimate) (%)",numeric,AFR,Africa,Country,MDG,Madagascar,Year,2022,True,Sex,Both sexes,SEX_BTSX,Age Group,18+  years,AGEGROUP_YEARS18-PLUS,,,,,,,17.37,,,12.7,,23.11,17.4 [12.7-23.1],,,EN,2024-02-28T23:00:00.000Z
NCD_BMI_18C,"Prevalence of underweight among adults, BMI < 18 (crude estimate) (%)",numeric,EMR,Eastern Mediterranean,Country,SOM,Somalia,Year,2022,True,Sex,Both sexes,SEX_BTSX,Age Group,18+  years,AGEGROUP_YEARS18-PLUS,,,,,,,19.0,,,12.21,,26.25,19.0 [12.2-26.3],,,EN,2024-02-28T23:00:00.000Z
NCD_BMI_18C,"Prevalence of underweight among adults, BMI < 18 (crude estimate) (%)",numeric,AFR,Africa,Country,NER,Niger,Year,2022,True,Sex,Both sexes,SEX_BTSX,Age Group,18+  years,AGEGROUP_YEARS18-PLUS,,,,,,,19.03,,,15.77,,22.31,19.0 [15.8-22.3],,,EN,2024-02-28T23:00:00.000Z
NCD_BMI_18C,"Prevalence of underweight among adults, BMI < 18 (crude estimate) (%)",numeric,AFR,Africa,Country,SEN,Senegal,Year,2022,True,Sex,Both sexes,SEX_BTSX,Age Group,18+  years,AGEGROUP_YEARS18-PLUS,,,,,,,19.34,,,15.19,,23.67,19.3 [15.2-23.7],,,EN,2024-02-28T23:00:00.000Z
NCD_BMI_18C,"Prevalence of underweight among adults, BMI < 18 (crude estimate) (%)",numeric,WPR,Western Pacific,Country,FSM,Micronesia (Federated States of),Year,2022,True,Sex,Both sexes,SEX_BTSX,Age Group,18+  years,AGEGROUP_YEARS18-PLUS,,,,,,,2.05,,,0.99,,3.65,2.0 [1.0-3.7],,,EN,2024-02-28T23:00:00.000Z
NCD_BMI_18C,"Prevalence of underweight among adults, BMI < 18 (crude estimate) (%)",numeric,EUR,Europe,Country,SVK,Slovakia,Year,2022,True,Sex,Both sexes,SEX_BTSX,Age Group,18+  years,AGEGROUP_YEARS18-PLUS,,,,,,,1.98,,,1.11,,3.18,2.0 [1.1-3.2],,,EN,2024-02-28T23:00:00.000Z
NCD_BMI_18C,"Prevalence of underweight among adults, BMI < 18 (crude estimate) (%)",numeric,WPR,Western Pacific,Country,SLB,Solomon Islands,Year,2022,True,Sex,Both sexes,SEX_BTSX,Age Group,18+  years,AGEGROUP_YEARS18-PLUS,,,,,,,2.0,,,1.07,,3.25,2.0 [1.1-3.3],,,EN,2024-02-28T23:00:00.000Z
NCD_BMI_18C,"Prevalence of underweight among adults, BMI < 18 (crude estimate) (%)",numeric,AMR,Americas,Country,URY,Uruguay,Year,2022,True,Sex,Both sexes,SEX_BTSX,Age Group,18+  years,AGEGROUP_YEARS18-PLUS,,,,,,,2.02,,,1.12,,3.3,2.0 [1.1-3.3],,,EN,2024-02-28T23:00:00.000Z
NCD_BMI_18C,"Prevalence of underweight among adults, BMI < 18 (crude estimate) (%)",numeric,EUR,Europe,Country,ITA,Italy,Year,2022,True,Sex,Both sexes,SEX_BTSX,Age Group,18+  years,AGEGROUP_YEARS18-PLUS,,,,,,,1.96,,,1.28,,2.84,2.0 [1.3-2.8],,,EN,2024-02-28T23:00:00.000Z
NCD_BMI_18C,"Prevalence of underweight among adults, BMI < 18 (crude estimate) (%)",numeric,EMR,Eastern Mediterranean,Country,ARE,United Arab Emirates,Year,2022,True,Sex,Both sexes,SEX_BTSX,Age Group,18+  years,AGEGROUP_YEARS18-PLUS,,,,,,,2.14,,,1.27,,3.38,2.1 [1.3-3.4],,,EN,2024-02-28T23:00:00.000Z
NCD_BMI_18C,"Prevalence of underweight among adults, BMI < 18 (crude estimate) (%)",numeric,EUR,Europe,Country,TUR,TÃ¼rkiye,Year,2022,True,Sex,Both sexes,SEX_BTSX,Age Group,18+  years,AGEGROUP_YEARS18-PLUS,,,,,,,2.12,,,1.5,,2.89,2.1 [1.5-2.9],,,EN,2024-02-28T23:00:00.000Z
NCD_BMI_18C,"Prevalence of underweight among adults, BMI < 18 (crude estimate) (%)",numeric,EUR,Europe,Country,DNK,Denmark,Year,2022,True,Sex,Both sexes,SEX_BTSX,Age Group,18+  years,AGEGROUP_YEARS18-PLUS,,,,,,,2.25,,,1.5,,3.23,2.2 [1.5-3.2],,,EN,2024-02-28T23:00:00.000Z
NCD_BMI_18C,"Prevalence of underweight among adults, BMI < 18 (crude estimate) (%)",numeric,EUR,Europe,Country,MKD,North Macedonia,Year,2022,True,Sex,Both sexes,SEX_BTSX,Age Group,18+  years,AGEGROUP_YEARS18-PLUS,,,,,,,2.29,,,0.87,,4.54,2.3 [0.9-4.5],,,EN,2024-02-28T23:00:00.000Z
NCD_BMI_18C,"Prevalence of underweight among adults, BMI < 18 (crude estimate) (%)",numeric,AMR,Americas,Country,CRI,Costa Rica,Year,2022,True,Sex,Both sexes,SEX_BTSX,Age Group,18+  years,AGEGROUP_YEARS18-PLUS,,,,,,,2.25,,,1.35,,3.49,2.3 [1.3-3.5],,,EN,2024-02-28T23:00:00.000Z
NCD_BMI_18C,"Prevalence of underweight among adults, BMI < 18 (crude estimate) (%)",numeric,EUR,Europe,Country,AZE,Azerbaijan,Year,2022,True,Sex,Both sexes,SEX_BTSX,Age Group,18+  years,AGEGROUP_YEARS18-PLUS,,,,,,,2.31,,,1.45,,3.43,2.3 [1.4-3.4],,,EN,2024-02-28T23:00:00.000Z
NCD_BMI_18C,"Prevalence of underweight among adults, BMI < 18 (crude estimate) (%)",numeric,EUR,Europe,Country,GEO,Georgia,Year,2022,True,Sex,Both sexes,SEX_BTSX,Age Group,18+  years,AGEGROUP_YEARS18-PLUS,,,,,,,2.3,,,1.38,,3.49,2.3 [1.4-3.5],,,EN,2024-02-28T23:00:00.000Z
NCD_BMI_18C,"Prevalence of underweight among adults, BMI < 18 (crude estimate) (%)",numeric,AMR,Americas,Country,BLZ,Belize,Year,2022,True,Sex,Both sexes,SEX_BTSX,Age Group,18+  years,AGEGROUP_YEARS18-PLUS,,,,,,,2.34,,,1.37,,3.65,2.3 [1.4-3.6],,,EN,2024-02-28T23:00:00.000Z
NCD_BMI_18C,"Prevalence of underweight among adults, BMI < 18 (crude estimate) (%)",numeric,EUR,Europe,Country,ROU,Romania,Year,2022,True,Sex,Both sexes,SEX_BTSX,Age Group,18+  years,AGEGROUP_YEARS18-PLUS,,,,,,,2.3,,,1.48,,3.32,2.3 [1.5-3.3],,,EN,2024-02-28T23:00:00.000Z
NCD_BMI_18C,"Prevalence of underweight among adults, BMI < 18 (crude estimate) (%)",numeric,WPR,Western Pacific,Country,VUT,Vanuatu,Year,2022,True,Sex,Both sexes,SEX_BTSX,Age Group,18+  years,AGEGROUP_YEARS18-PLUS,,,,,,,2.37,,,1.09,,4.27,2.4 [1.1-4.3],,,EN,2024-02-28T23:00:00.000Z
NCD_BMI_18C,"Prevalence of underweight among adults, BMI < 18 (crude estimate) (%)",numeric,EUR,Europe,Country,AND,Andorra,Year,2022,True,Sex,Both sexes,SEX_BTSX,Age Group,18+  years,AGEGROUP_YEARS18-PLUS,,,,,,,2.41,,,1.06,,4.47,2.4 [1.1-4.5],,,EN,2024-02-28T23:00:00.000Z
NCD_BMI_18C,"Prevalence of underweight among adults, BMI < 18 (crude estimate) (%)",numeric,EMR,Eastern Mediterranean,Country,LBN,Lebanon,Year,2022,True,Sex,Both sexes,SEX_BTSX,Age Group,18+  years,AGEGROUP_YEARS18-PLUS,,,,,,,2.37,,,1.41,,3.58,2.4 [1.4-3.6],,,EN,2024-02-28T23:00:00.000Z
NCD_BMI_18C,"Prevalence of underweight among adults, BMI < 18 (crude estimate) (%)",numeric,EUR,Europe,Country,UZB,Uzbekistan,Year,2022,True,Sex,Both sexes,SEX_BTSX,Age Group,18+  years,AGEGROUP_YEARS18-PLUS,,,,,,,2.42,,,1.62,,3.46,2.4 [1.6-3.5],,,EN,2024-02-28T23:00:00.000Z
NCD_BMI_18C,"Prevalence of underweight among adults, BMI < 18 (crude estimate) (%)",numeric,AMR,Americas,Country,PRY,Paraguay,Year,2022,True,Sex,Both sexes,SEX_BTSX,Age Group,18+  years,AGEGROUP_YEARS18-PLUS,,,,,,,2.54,,,1.23,,4.37,2.5 [1.2-4.4],,,EN,2024-02-28T23:00:00.000Z
NCD_BMI_18C,"Prevalence of underweight among adults, BMI < 18 (crude estimate) (%)",numeric,EUR,Europe,Country,RUS,Russian Federation,Year,2022,True,Sex,Both sexes,SEX_BTSX,Age Group,18+  years,AGEGROUP_YEARS18-PLUS,,,,,,,2.49,,,1.68,,3.51,2.5 [1.7-3.5],,,EN,2024-02-28T23:00:00.000Z
NCD_BMI_18C,"Prevalence of underweight among adults, BMI < 18 (crude estimate) (%)",numeric,AMR,Americas,Country,PAN,Panama,Year,2022,True,Sex,Both sexes,SEX_BTSX,Age Group,18+  years,AGEGROUP_YEARS18-PLUS,,,,,,,2.5,,,1.67,,3.55,2.5 [1.7-3.6],,,EN,2024-02-28T23:00:00.000Z
NCD_BMI_18C,"Prevalence of underweight among adults, BMI < 18 (crude estimate) (%)",numeric,EUR,Europe,Country,BGR,Bulgaria,Year,2022,True,Sex,Both sexes,SEX_BTSX,Age Group,18+  years,AGEGROUP_YEARS18-PLUS,,,,,,,2.48,,,1.75,,3.37,2.5 [1.8-3.4],,,EN,2024-02-28T23:00:00.000Z
NCD_BMI_18C,"Prevalence of underweight among adults, BMI < 18 (crude estimate) (%)",numeric,EMR,Eastern Mediterranean,Country,BHR,Bahrain,Year,2022,True,Sex,Both sexes,SEX_BTSX,Age Group,18+  years,AGEGROUP_YEARS18-PLUS,,,,,,,2.63,,,1.25,,4.7,2.6 [1.3-4.7],,,EN,2024-02-28T23:00:00.000Z
NCD_BMI_18C,"Prevalence of underweight among adults, BMI < 18 (crude estimate) (%)",numeric,EUR,Europe,Country,GRL,Greenland,Year,2022,True,Sex,Both sexes,SEX_BTSX,Age Group,18+  years,AGEGROUP_YEARS18-PLUS,,,,,,,2.56,,,1.6,,3.82,2.6 [1.6-3.8],,,EN,2024-02-28T23:00:00.000Z
NCD_BMI_18C,"Prevalence of underweight among adults, BMI < 18 (crude estimate) (%)",numeric,EUR,Europe,Country,CHE,Switzerland,Year,2022,True,Sex,Both sexes,SEX_BTSX,Age Group,18+  years,AGEGROUP_YEARS18-PLUS,,,,,,,2.63,,,1.6,,4.03,2.6 [1.6-4.0],,,EN,2024-02-28T23:00:00.000Z
NCD_BMI_18C,"Prevalence of underweight among adults, BMI < 18 (crude estimate) (%)",numeric,AMR,Americas,Country,BRA,Brazil,Year,2022,True,Sex,Both sexes,SEX_BTSX,Age Group,18+  years,AGEGROUP_YEARS18-PLUS,,,,,,,2.64,,,1.99,,3.43,2.6 [2.0-3.4],,,EN,2024-02-28T23:00:00.000Z
NCD_BMI_18C,"Prevalence of underweight among adults, BMI < 18 (crude estimate) (%)",numeric,AMR,Americas,Country,KNA,Saint Kitts and Nevis,Year,2022,True,Sex,Both sexes,SEX_BTSX,Age Group,18+  years,AGEGROUP_YEARS18-PLUS,,,,,,,2.67,,,1.06,,5.23,2.7 [1.1-5.2],,,EN,2024-02-28T23:00:00.000Z
NCD_BMI_18C,"Prevalence of underweight among adults, BMI < 18 (crude estimate) (%)",numeric,AMR,Americas,Country,PRI,Puerto Rico,Year,2022,True,Sex,Both sexes,SEX_BTSX,Age Group,18+  years,AGEGROUP_YEARS18-PLUS,,,,,,,2.69,,,1.29,,4.75,2.7 [1.3-4.8],,,EN,2024-02-28T23:00:00.000Z
NCD_BMI_18C,"Prevalence of underweight among adults, BMI < 18 (crude estimate) (%)",numeric,EUR,Europe,Country,SRB,Serbia,Year,2022,True,Sex,Both sexes,SEX_BTSX,Age Group,18+  years,AGEGROUP_YEARS18-PLUS,,,,,,,2.68,,,1.59,,4.07,2.7 [1.6-4.1],,,EN,2024-02-28T23:00:00.000Z
NCD_BMI_18C,"Prevalence of underweight among adults, BMI < 18 (crude estimate) (%)",numeric,AMR,Americas,Country,SLV,El Salvador,Year,2022,True,Sex,Both sexes,SEX_BTSX,Age Group,18+  years,AGEGROUP_YEARS18-PLUS,,,,,,,2.75,,,1.57,,4.35,2.7 [1.6-4.3],,,EN,2024-02-28T23:00:00.000Z
NCD_BMI_18C,"Prevalence of underweight among adults, BMI < 18 (crude estimate) (%)",numeric,EUR,Europe,Country,ARM,Armenia,Year,2022,True,Sex,Both sexes,SEX_BTSX,Age Group,18+  years,AGEGROUP_YEARS18-PLUS,,,,,,,2.71,,,1.69,,4.09,2.7 [1.7-4.1],,,EN,2024-02-28T23:00:00.000Z
NCD_BMI_18C,"Prevalence of underweight among adults, BMI < 18 (crude estimate) (%)",numeric,AMR,Americas,Country,GTM,Guatemala,Year,2022,True,Sex,Both sexes,SEX_BTSX,Age Group,18+  years,AGEGROUP_YEARS18-PLUS,,,,,,,2.66,,,1.65,,4.14,2.7 [1.7-4.1],,,EN,2024-02-28T23:00:00.000Z
NCD_BMI_18C,"Prevalence of underweight among adults, BMI < 18 (crude estimate) (%)",numeric,AMR,Americas,Country,COL,Colombia,Year,2022,True,Sex,Both sexes,SEX_BTSX,Age Group,18+  years,AGEGROUP_YEARS18-PLUS,,,,,,,2.8,,,2.02,,3.72,2.8 [2.0-3.7],,,EN,2024-02-28T23:00:00.000Z
NCD_BMI_18C,"Prevalence of underweight among adults, BMI < 18 (crude estimate) (%)",numeric,EUR,Europe,Country,TKM,Turkmenistan,Year,2022,True,Sex,Both sexes,SEX_BTSX,Age Group,18+  years,AGEGROUP_YEARS18-PLUS,,,,,,,2.93,,,1.93,,4.18,2.9 [1.9-4.2],,,EN,2024-02-28T23:00:00.000Z
NCD_BMI_18C,"Prevalence of underweight among adults, BMI < 18 (crude estimate) (%)",numeric,SEAR,South-East Asia,Country,TLS,Timor-Leste,Year,2022,True,Sex,Both sexes,SEX_BTSX,Age Group,18+  years,AGEGROUP_YEARS18-PLUS,,,,,,,20.72,,,16.68,,24.89,20.7 [16.7-24.9],,,EN,2024-02-28T23:00:00.000Z
NCD_BMI_18C,"Prevalence of underweight among adults, BMI < 18 (crude estimate) (%)",numeric,AFR,Africa,Country,CAF,Central African Republic,Year,2022,True,Sex,Both sexes,SEX_BTSX,Age Group,18+  years,AGEGROUP_YEARS18-PLUS,,,,,,,21.33,,,15.65,,27.73,21.3 [15.6-27.7],,,EN,2024-02-28T23:00:00.000Z
NCD_BMI_18C,"Prevalence of underweight among adults, BMI < 18 (crude estimate) (%)",numeric,AFR,Africa,Country,ETH,Ethiopia,Year,2022,True,Sex,Both sexes,SEX_BTSX,Age Group,18+  years,AGEGROUP_YEARS18-PLUS,,,,,,,24.09,,,20.05,,28.28,24.1 [20.0-28.3],,,EN,2024-02-28T23:00:00.000Z
NCD_BMI_18C,"Prevalence of underweight among adults, BMI < 18 (crude estimate) (%)",numeric,AMR,Americas,Country,NIC,Nicaragua,Year,2022,True,Sex,Both sexes,SEX_BTSX,Age Group,18+  years,AGEGROUP_YEARS18-PLUS,,,,,,,3.03,,,1.4,,5.62,3.0 [1.4-5.6],,,EN,2024-02-28T23:00:00.000Z
NCD_BMI_18C,"Prevalence of underweight among adults, BMI < 18 (crude estimate) (%)",numeric,WPR,Western Pacific,Country,MNG,Mongolia,Year,2022,True,Sex,Both sexes,SEX_BTSX,Age Group,18+  years,AGEGROUP_YEARS18-PLUS,,,,,,,3.02,,,2.07,,4.19,3.0 [2.1-4.2],,,EN,2024-02-28T23:00:00.000Z
NCD_BMI_18C,"Prevalence of underweight among adults, BMI < 18 (crude estimate) (%)",numeric,WPR,Western Pacific,Country,PNG,Papua New Guinea,Year,2022,True,Sex,Both sexes,SEX_BTSX,Age Group,18+  years,AGEGROUP_YEARS18-PLUS,,,,,,,3.09,,,1.36,,5.67,3.1 [1.4-5.7],,,EN,2024-02-28T23:00:00.000Z
NCD_BMI_18C,"Prevalence of underweight among adults, BMI < 18 (crude estimate) (%)",numeric,AMR,Americas,Country,HND,Honduras,Year,2022,True,Sex,Both sexes,SEX_BTSX,Age Group,18+  years,AGEGROUP_YEARS18-PLUS,,,,,,,3.06,,,1.45,,5.57,3.1 [1.5-5.6],,,EN,2024-02-28T23:00:00.000Z
NCD_BMI_18C,"Prevalence of underweight among adults, BMI < 18 (crude estimate) (%)",numeric,SEAR,South-East Asia,Country,BTN,Bhutan,Year,2022,True,Sex,Both sexes,SEX_BTSX,Age Group,18+  years,AGEGROUP_YEARS18-PLUS,,,,,,,3.08,,,2.11,,4.27,3.1 [2.1-4.3],,,EN,2024-02-28T23:00:00.000Z
NCD_BMI_18C,"Prevalence of underweight among adults, BMI < 18 (crude estimate) (%)",numeric,EUR,Europe,Country,KAZ,Kazakhstan,Year,2022,True,Sex,Both sexes,SEX_BTSX,Age Group,18+  years,AGEGROUP_YEARS18-PLUS,,,,,,,3.14,,,2.18,,4.32,3.1 [2.2-4.3],,,EN,2024-02-28T23:00:00.000Z
NCD_BMI_18C,"Prevalence of underweight among adults, BMI < 18 (crude estimate) (%)",numeric,EMR,Eastern Mediterranean,Country,PSE,"occupied Palestinian territory, including east Jerusalem",Year,2022,True,Sex,Both sexes,SEX_BTSX,Age Group,18+  years,AGEGROUP_YEARS18-PLUS,,,,,,,3.18,,,2.26,,4.25,3.2 [2.3-4.2],,,EN,2024-02-28T23:00:00.000Z
NCD_BMI_18C,"Prevalence of underweight among adults, BMI < 18 (crude estimate) (%)",numeric,AMR,Americas,Country,BRB,Barbados,Year,2022,True,Sex,Both sexes,SEX_BTSX,Age Group,18+  years,AGEGROUP_YEARS18-PLUS,,,,,,,3.25,,,1.69,,5.41,3.3 [1.7-5.4],,,EN,2024-02-28T23:00:00.000Z
NCD_BMI_18C,"Prevalence of underweight among adults, BMI < 18 (crude estimate) (%)",numeric,EMR,Eastern Mediterranean,Country,IRQ,Iraq,Year,2022,True,Sex,Both sexes,SEX_BTSX,Age Group,18+  years,AGEGROUP_YEARS18-PLUS,,,,,,,3.27,,,1.92,,5.04,3.3 [1.9-5.0],,,EN,2024-02-28T23:00:00.000Z
NCD_BMI_18C,"Prevalence of underweight among adults, BMI < 18 (crude estimate) (%)",numeric,WPR,Western Pacific,Country,BRN,Brunei Darussalam,Year,2022,True,Sex,Both sexes,SEX_BTSX,Age Group,18+  years,AGEGROUP_YEARS18-PLUS,,,,,,,3.3,,,2.12,,4.79,3.3 [2.1-4.8],,,EN,2024-02-28T23:00:00.000Z
NCD_BMI_18C,"Prevalence of underweight among adults, BMI < 18 (crude estimate) (%)",numeric,AMR,Americas,Country,BHS,Bahamas,Year,2022,True,Sex,Both sexes,SEX_BTSX,Age Group,18+  years,AGEGROUP_YEARS18-PLUS,,,,,,,3.41,,,2.17,,4.97,3.4 [2.2-5.0],,,EN,2024-02-28T23:00:00.000Z
NCD_BMI_18C,"Prevalence of underweight among adults, BMI < 18 (crude estimate) (%)",numeric,EUR,Europe,Country,KGZ,Kyrgyzstan,Year,2022,True,Sex,Both sexes,SEX_BTSX,Age Group,18+  years,AGEGROUP_YEARS18-PLUS,,,,,,,3.49,,,2.03,,5.47,3.5 [2.0-5.5],,,EN,2024-02-28T23:00:00.000Z
NCD_BMI_18C,"Prevalence of underweight among adults, BMI < 18 (crude estimate) (%)",numeric,EUR,Europe,Country,ISR,Israel,Year,2022,True,Sex,Both sexes,SEX_BTSX,Age Group,18+  years,AGEGROUP_YEARS18-PLUS,,,,,,,3.52,,,2.45,,4.76,3.5 [2.4-4.8],,,EN,2024-02-28T23:00:00.000Z
NCD_BMI_18C,"Prevalence of underweight among adults, BMI < 18 (crude estimate) (%)",numeric,EMR,Eastern Mediterranean,Country,JOR,Jordan,Year,2022,True,Sex,Both sexes,SEX_BTSX,Age Group,18+  years,AGEGROUP_YEARS18-PLUS,,,,,,,3.53,,,2.59,,4.71,3.5 [2.6-4.7],,,EN,2024-02-28T23:00:00.000Z
NCD_BMI_18C,"Prevalence of underweight among adults, BMI < 18 (crude estimate) (%)",numeric,EMR,Eastern Mediterranean,Country,IRN,Iran (Islamic Republic of),Year,2022,True,Sex,Both sexes,SEX_BTSX,Age Group,18+  years,AGEGROUP_YEARS18-PLUS,,,,,,,3.47,,,2.82,,4.2,3.5 [2.8-4.2],,,EN,2024-02-28T23:00:00.000Z
NCD_BMI_18C,"Prevalence of underweight among adults, BMI < 18 (crude estimate) (%)",numeric,EMR,Eastern Mediterranean,Country,SYR,Syrian Arab Republic,Year,2022,True,Sex,Both sexes,SEX_BTSX,Age Group,18+  years,AGEGROUP_YEARS18-PLUS,,,,,,,3.58,,,1.61,,6.36,3.6 [1.6-6.4],,,EN,2024-02-28T23:00:00.000Z
NCD_BMI_18C,"Prevalence of underweight among adults, BMI < 18 (crude estimate) (%)",numeric,AMR,Americas,Country,LCA,Saint Lucia,Year,2022,True,Sex,Both sexes,SEX_BTSX,Age Group,18+  years,AGEGROUP_YEARS18-PLUS,,,,,,,3.7,,,2.48,,5.19,3.7 [2.5-5.2],,,EN,2024-02-28T23:00:00.000Z
NCD_BMI_18C,"Prevalence of underweight among adults, BMI < 18 (crude estimate) (%)",numeric,EMR,Eastern Mediterranean,Country,TUN,Tunisia,Year,2022,True,Sex,Both sexes,SEX_BTSX,Age Group,18+  years,AGEGROUP_YEARS18-PLUS,,,,,,,3.8,,,2.07,,6.06,3.8 [2.1-6.1],,,EN,2024-02-28T23:00:00.000Z
NCD_BMI_18C,"Prevalence of underweight among adults, BMI < 18 (crude estimate) (%)",numeric,AMR,Americas,Country,VCT,Saint Vincent and the Grenadines,Year,2022,True,Sex,Both sexes,SEX_BTSX,Age Group,18+  years,AGEGROUP_YEARS18-PLUS,,,,,,,3.81,,,2.18,,6.02,3.8 [2.2-6.0],,,EN,2024-02-28T23:00:00.000Z
NCD_BMI_18C,"Prevalence of underweight among adults, BMI < 18 (crude estimate) (%)",numeric,AFR,Africa,Country,SYC,Seychelles,Year,2022,True,Sex,Both sexes,SEX_BTSX,Age Group,18+  years,AGEGROUP_YEARS18-PLUS,,,,,,,3.85,,,2.04,,6.47,3.9 [2.0-6.5],,,EN,2024-02-28T23:00:00.000Z
NCD_BMI_18C,"Prevalence of underweight among adults, BMI < 18 (crude estimate) (%)",numeric,AFR,Africa,Country,ERI,Eritrea,Year,2022,True,Sex,Both sexes,SEX_BTSX,Age Group,18+  years,AGEGROUP_YEARS18-PLUS,,,,,,,33.4,,,26.14,,40.67,33.4 [26.1-40.7],,,EN,2024-02-28T23:00:00.000Z
NCD_BMI_18C,"Prevalence of underweight among adults, BMI < 18 (crude estimate) (%)",numeric,EMR,Eastern Mediterranean,Country,SAU,Saudi Arabia,Year,2022,True,Sex,Both sexes,SEX_BTSX,Age Group,18+  years,AGEGROUP_YEARS18-PLUS,,,,,,,3.98,,,2.66,,5.64,4.0 [2.7-5.6],,,EN,2024-02-28T23:00:00.000Z
NCD_BMI_18C,"Prevalence of underweight among adults, BMI < 18 (crude estimate) (%)",numeric,AMR,Americas,Country,CUB,Cuba,Year,2022,True,Sex,Both sexes,SEX_BTSX,Age Group,18+  years,AGEGROUP_YEARS18-PLUS,,,,,,,4.03,,,2.83,,5.57,4.0 [2.8-5.6],,,EN,2024-02-28T23:00:00.000Z
NCD_BMI_18C,"Prevalence of underweight among adults, BMI < 18 (crude estimate) (%)",numeric,EUR,Europe,Country,FRA,France,Year,2022,True,Sex,Both sexes,SEX_BTSX,Age Group,18+  years,AGEGROUP_YEARS18-PLUS,,,,,,,3.96,,,3.05,,5.06,4.0 [3.0-5.1],,,EN,2024-02-28T23:00:00.000Z
NCD_BMI_18C,"Prevalence of underweight among adults, BMI < 18 (crude estimate) (%)",numeric,AMR,Americas,Country,GRD,Grenada,Year,2022,True,Sex,Both sexes,SEX_BTSX,Age Group,18+  years,AGEGROUP_YEARS18-PLUS,,,,,,,4.13,,,2.08,,7.11,4.1 [2.1-7.1],,,EN,2024-02-28T23:00:00.000Z
NCD_BMI_18C,"Prevalence of underweight among adults, BMI < 18 (crude estimate) (%)",numeric,WPR,Western Pacific,Country,FJI,Fiji,Year,2022,True,Sex,Both sexes,SEX_BTSX,Age Group,18+  years,AGEGROUP_YEARS18-PLUS,,,,,,,4.14,,,2.2,,6.84,4.1 [2.2-6.8],,,EN,2024-02-28T23:00:00.000Z
NCD_BMI_18C,"Prevalence of underweight among adults, BMI < 18 (crude estimate) (%)",numeric,AMR,Americas,Country,JAM,Jamaica,Year,2022,True,Sex,Both sexes,SEX_BTSX,Age Group,18+  years,AGEGROUP_YEARS18-PLUS,,,,,,,4.15,,,2.66,,6.13,4.1 [2.7-6.1],,,EN,2024-02-28T23:00:00.000Z
NCD_BMI_18C,"Prevalence of underweight among adults, BMI < 18 (crude estimate) (%)",numeric,WPR,Western Pacific,Country,CHN,China,Year,2022,True,Sex,Both sexes,SEX_BTSX,Age Group,18+  years,AGEGROUP_YEARS18-PLUS,,,,,,,4.09,,,3.32,,4.96,4.1 [3.3-5.0],,,EN,2024-02-28T23:00:00.000Z
NCD_BMI_18C,"Prevalence of underweight among adults, BMI < 18 (crude estimate) (%)",numeric,WPR,Western Pacific,Country,KOR,Republic of Korea,Year,2022,True,Sex,Both sexes,SEX_BTSX,Age Group,18+  years,AGEGROUP_YEARS18-PLUS,,,,,,,4.15,,,3.53,,4.83,4.1 [3.5-4.8],,,EN,2024-02-28T23:00:00.000Z
NCD_BMI_18C,"Prevalence of underweight among adults, BMI < 18 (crude estimate) (%)",numeric,AFR,Africa,Country,SWZ,Eswatini,Year,2022,True,Sex,Both sexes,SEX_BTSX,Age Group,18+  years,AGEGROUP_YEARS18-PLUS,,,,,,,4.19,,,2.43,,6.57,4.2 [2.4-6.6],,,EN,2024-02-28T23:00:00.000Z
NCD_BMI_18C,"Prevalence of underweight among adults, BMI < 18 (crude estimate) (%)",numeric,EUR,Europe,Country,TJK,Tajikistan,Year,2022,True,Sex,Both sexes,SEX_BTSX,Age Group,18+  years,AGEGROUP_YEARS18-PLUS,,,,,,,4.16,,,2.74,,5.92,4.2 [2.7-5.9],,,EN,2024-02-28T23:00:00.000Z
NCD_BMI_18C,"Prevalence of underweight among adults, BMI < 18 (crude estimate) (%)",numeric,AFR,Africa,Country,DZA,Algeria,Year,2022,True,Sex,Both sexes,SEX_BTSX,Age Group,18+  years,AGEGROUP_YEARS18-PLUS,,,,,,,4.25,,,2.77,,6.06,4.2 [2.8-6.1],,,EN,2024-02-28T23:00:00.000Z
NCD_BMI_18C,"Prevalence of underweight among adults, BMI < 18 (crude estimate) (%)",numeric,EMR,Eastern Mediterranean,Country,LBY,Libya,Year,2022,True,Sex,Both sexes,SEX_BTSX,Age Group,18+  years,AGEGROUP_YEARS18-PLUS,,,,,,,4.42,,,2.41,,7.12,4.4 [2.4-7.1],,,EN,2024-02-28T23:00:00.000Z
NCD_BMI_18C,"Prevalence of underweight among adults, BMI < 18 (crude estimate) (%)",numeric,AMR,Americas,Country,BMU,Bermuda,Year,2022,True,Sex,Both sexes,SEX_BTSX,Age Group,18+  years,AGEGROUP_YEARS18-PLUS,,,,,,,4.48,,,1.56,,9.42,4.5 [1.6-9.4],,,EN,2024-02-28T23:00:00.000Z
NCD_BMI_18C,"Prevalence of underweight among adults, BMI < 18 (crude estimate) (%)",numeric,EMR,Eastern Mediterranean,Country,OMN,Oman,Year,2022,True,Sex,Both sexes,SEX_BTSX,Age Group,18+  years,AGEGROUP_YEARS18-PLUS,,,,,,,4.47,,,3.0,,6.27,4.5 [3.0-6.3],,,EN,2024-02-28T23:00:00.000Z
NCD_BMI_18C,"Prevalence of underweight among adults, BMI < 18 (crude estimate) (%)",numeric,AMR,Americas,Country,ATG,Antigua and Barbuda,Year,2022,True,Sex,Both sexes,SEX_BTSX,Age Group,18+  years,AGEGROUP_YEARS18-PLUS,,,,,,,4.64,,,1.64,,9.86,4.6 [1.6-9.9],,,EN,2024-02-28T23:00:00.000Z
NCD_BMI_18C,"Prevalence of underweight among adults, BMI < 18 (crude estimate) (%)",numeric,AMR,Americas,Country,DMA,Dominica,Year,2022,True,Sex,Both sexes,SEX_BTSX,Age Group,18+  years,AGEGROUP_YEARS18-PLUS,,,,,,,4.56,,,2.2,,7.95,4.6 [2.2-7.9],,,EN,2024-02-28T23:00:00.000Z
NCD_BMI_18C,"Prevalence of underweight among adults, BMI < 18 (crude estimate) (%)",numeric,AMR,Americas,Country,DOM,Dominican Republic,Year,2022,True,Sex,Both sexes,SEX_BTSX,Age Group,18+  years,AGEGROUP_YEARS18-PLUS,,,,,,,4.56,,,3.13,,6.38,4.6 [3.1-6.4],,,EN,2024-02-28T23:00:00.000Z
NCD_BMI_18C,"Prevalence of underweight among adults, BMI < 18 (crude estimate) (%)",numeric,AMR,Americas,Country,VEN,Venezuela (Bolivarian Republic of),Year,2022,True,Sex,Both sexes,SEX_BTSX,Age Group,18+  years,AGEGROUP_YEARS18-PLUS,,,,,,,4.64,,,3.3,,6.3,4.6 [3.3-6.3],,,EN,2024-02-28T23:00:00.000Z
NCD_BMI_18C,"Prevalence of underweight among adults, BMI < 18 (crude estimate) (%)",numeric,AFR,Africa,Country,ZAF,South Africa,Year,2022,True,Sex,Both sexes,SEX_BTSX,Age Group,18+  years,AGEGROUP_YEARS18-PLUS,,,,,,,5.22,,,3.69,,7.02,5.2 [3.7-7.0],,,EN,2024-02-28T23:00:00.000Z
NCD_BMI_18C,"Prevalence of underweight among adults, BMI < 18 (crude estimate) (%)",numeric,AFR,Africa,Country,CPV,Cabo Verde,Year,2022,True,Sex,Both sexes,SEX_BTSX,Age Group,18+  years,AGEGROUP_YEARS18-PLUS,,,,,,,5.24,,,3.68,,7.08,5.2 [3.7-7.1],,,EN,2024-02-28T23:00:00.000Z
NCD_BMI_18C,"Prevalence of underweight among adults, BMI < 18 (crude estimate) (%)",numeric,EMR,Eastern Mediterranean,Country,MAR,Morocco,Year,2022,True,Sex,Both sexes,SEX_BTSX,Age Group,18+  years,AGEGROUP_YEARS18-PLUS,,,,,,,5.39,,,3.65,,7.58,5.4 [3.6-7.6],,,EN,2024-02-28T23:00:00.000Z
NCD_BMI_18C,"Prevalence of underweight among adults, BMI < 18 (crude estimate) (%)",numeric,WPR,Western Pacific,Country,MYS,Malaysia,Year,2022,True,Sex,Both sexes,SEX_BTSX,Age Group,18+  years,AGEGROUP_YEARS18-PLUS,,,,,,,5.37,,,4.05,,6.88,5.4 [4.1-6.9],,,EN,2024-02-28T23:00:00.000Z
NCD_BMI_18C,"Prevalence of underweight among adults, BMI < 18 (crude estimate) (%)",numeric,AFR,Africa,Country,MUS,Mauritius,Year,2022,True,Sex,Both sexes,SEX_BTSX,Age Group,18+  years,AGEGROUP_YEARS18-PLUS,,,,,,,5.89,,,3.94,,8.21,5.9 [3.9-8.2],,,EN,2024-02-28T23:00:00.000Z
NCD_BMI_18C,"Prevalence of underweight among adults, BMI < 18 (crude estimate) (%)",numeric,AFR,Africa,Country,LBR,Liberia,Year,2022,True,Sex,Both sexes,SEX_BTSX,Age Group,18+  years,AGEGROUP_YEARS18-PLUS,,,,,,,5.9,,,4.53,,7.53,5.9 [4.5-7.5],,,EN,2024-02-28T23:00:00.000Z
NCD_BMI_18C,"Prevalence of underweight among adults, BMI < 18 (crude estimate) (%)",numeric,SEAR,South-East Asia,Country,MDV,Maldives,Year,2022,True,Sex,Both sexes,SEX_BTSX,Age Group,18+  years,AGEGROUP_YEARS18-PLUS,,,,,,,5.95,,,4.51,,7.63,5.9 [4.5-7.6],,,EN,2024-02-28T23:00:00.000Z
NCD_BMI_18C,"Prevalence of underweight among adults, BMI < 18 (crude estimate) (%)",numeric,AFR,Africa,Country,GHA,Ghana,Year,2022,True,Sex,Both sexes,SEX_BTSX,Age Group,18+  years,AGEGROUP_YEARS18-PLUS,,,,,,,6.08,,,4.5,,7.84,6.1 [4.5-7.8],,,EN,2024-02-28T23:00:00.000Z
NCD_BMI_18C,"Prevalence of underweight among adults, BMI < 18 (crude estimate) (%)",numeric,AMR,Americas,Country,TTO,Trinidad and Tobago,Year,2022,True,Sex,Both sexes,SEX_BTSX,Age Group,18+  years,AGEGROUP_YEARS18-PLUS,,,,,,,6.22,,,4.05,,8.87,6.2 [4.1-8.9],,,EN,2024-02-28T23:00:00.000Z
NCD_BMI_18C,"Prevalence of underweight among adults, BMI < 18 (crude estimate) (%)",numeric,AFR,Africa,Country,CMR,Cameroon,Year,2022,True,Sex,Both sexes,SEX_BTSX,Age Group,18+  years,AGEGROUP_YEARS18-PLUS,,,,,,,6.16,,,4.27,,8.48,6.2 [4.3-8.5],,,EN,2024-02-28T23:00:00.000Z
NCD_BMI_18C,"Prevalence of underweight among adults, BMI < 18 (crude estimate) (%)",numeric,SEAR,South-East Asia,Country,THA,Thailand,Year,2022,True,Sex,Both sexes,SEX_BTSX,Age Group,18+  years,AGEGROUP_YEARS18-PLUS,,,,,,,6.16,,,4.73,,7.82,6.2 [4.7-7.8],,,EN,2024-02-28T23:00:00.000Z
NCD_BMI_18C,"Prevalence of underweight among adults, BMI < 18 (crude estimate) (%)",numeric,AFR,Africa,Country,COM,Comoros,Year,2022,True,Sex,Both sexes,SEX_BTSX,Age Group,18+  years,AGEGROUP_YEARS18-PLUS,,,,,,,6.34,,,3.78,,9.72,6.3 [3.8-9.7],,,EN,2024-02-28T23:00:00.000Z
NCD_BMI_18C,"Prevalence of underweight among adults, BMI < 18 (crude estimate) (%)",numeric,EMR,Eastern Mediterranean,Country,AFG,Afghanistan,Year,2022,True,Sex,Both sexes,SEX_BTSX,Age Group,18+  years,AGEGROUP_YEARS18-PLUS,,,,,,,6.45,,,4.48,,8.7,6.4 [4.5-8.7],,,EN,2024-02-28T23:00:00.000Z
NCD_BMI_18C,"Prevalence of underweight among adults, BMI < 18 (crude estimate) (%)",numeric,AFR,Africa,Country,STP,Sao Tome and Principe,Year,2022,True,Sex,Both sexes,SEX_BTSX,Age Group,18+  years,AGEGROUP_YEARS18-PLUS,,,,,,,6.46,,,4.58,,8.76,6.5 [4.6-8.8],,,EN,2024-02-28T23:00:00.000Z
NCD_BMI_18C,"Prevalence of underweight among adults, BMI < 18 (crude estimate) (%)",numeric,WPR,Western Pacific,Country,SGP,Singapore,Year,2022,True,Sex,Both sexes,SEX_BTSX,Age Group,18+  years,AGEGROUP_YEARS18-PLUS,,,,,,,6.73,,,4.88,,8.93,6.7 [4.9-8.9],,,EN,2024-02-28T23:00:00.000Z
NCD_BMI_18C,"Prevalence of underweight among adults, BMI < 18 (crude estimate) (%)",numeric,AFR,Africa,Country,LSO,Lesotho,Year,2022,True,Sex,Both sexes,SEX_BTSX,Age Group,18+  years,AGEGROUP_YEARS18-PLUS,,,,,,,6.82,,,4.35,,9.87,6.8 [4.3-9.9],,,EN,2024-02-28T23:00:00.000Z
NCD_BMI_18C,"Prevalence of underweight among adults, BMI < 18 (crude estimate) (%)",numeric,AFR,Africa,Country,ZWE,Zimbabwe,Year,2022,True,Sex,Both sexes,SEX_BTSX,Age Group,18+  years,AGEGROUP_YEARS18-PLUS,,,,,,,6.81,,,4.49,,9.5,6.8 [4.5-9.5],,,EN,2024-02-28T23:00:00.000Z
NCD_BMI_18C,"Prevalence of underweight among adults, BMI < 18 (crude estimate) (%)",numeric,AFR,Africa,Country,GAB,Gabon,Year,2022,True,Sex,Both sexes,SEX_BTSX,Age Group,18+  years,AGEGROUP_YEARS18-PLUS,,,,,,,6.99,,,4.15,,11.0,7.0 [4.1-11.0],,,EN,2024-02-28T23:00:00.000Z
NCD_BMI_18C,"Prevalence of underweight among adults, BMI < 18 (crude estimate) (%)",numeric,AMR,Americas,Country,SUR,Suriname,Year,2022,True,Sex,Both sexes,SEX_BTSX,Age Group,18+  years,AGEGROUP_YEARS18-PLUS,,,,,,,7.18,,,3.95,,11.27,7.2 [3.9-11.3],,,EN,2024-02-28T23:00:00.000Z
NCD_BMI_18C,"Prevalence of underweight among adults, BMI < 18 (crude estimate) (%)",numeric,AFR,Africa,Country,SLE,Sierra Leone,Year,2022,True,Sex,Both sexes,SEX_BTSX,Age Group,18+  years,AGEGROUP_YEARS18-PLUS,,,,,,,7.16,,,5.31,,9.37,7.2 [5.3-9.4],,,EN,2024-02-28T23:00:00.000Z
NCD_BMI_18C,"Prevalence of underweight among adults, BMI < 18 (crude estimate) (%)",numeric,AMR,Americas,Country,GUY,Guyana,Year,2022,True,Sex,Both sexes,SEX_BTSX,Age Group,18+  years,AGEGROUP_YEARS18-PLUS,,,,,,,7.45,,,5.06,,10.43,7.5 [5.1-10.4],,,EN,2024-02-28T23:00:00.000Z
NCD_BMI_18C,"Prevalence of underweight among adults, BMI < 18 (crude estimate) (%)",numeric,AFR,Africa,Country,TGO,Togo,Year,2022,True,Sex,Both sexes,SEX_BTSX,Age Group,18+  years,AGEGROUP_YEARS18-PLUS,,,,,,,7.6,,,5.9,,9.58,7.6 [5.9-9.6],,,EN,2024-02-28T23:00:00.000Z
NCD_BMI_18C,"Prevalence of underweight among adults, BMI < 18 (crude estimate) (%)",numeric,AFR,Africa,Country,CIV,Cote d'Ivoire,Year,2022,True,Sex,Both sexes,SEX_BTSX,Age Group,18+  years,AGEGROUP_YEARS18-PLUS,,,,,,,7.89,,,5.07,,11.57,7.9 [5.1-11.6],,,EN,2024-02-28T23:00:00.000Z
NCD_BMI_18C,"Prevalence of underweight among adults, BMI < 18 (crude estimate) (%)",numeric,AFR,Africa,Country,MWI,Malawi,Year,2022,True,Sex,Both sexes,SEX_BTSX,Age Group,18+  years,AGEGROUP_YEARS18-PLUS,,,,,,,7.86,,,5.61,,10.61,7.9 [5.6-10.6],,,EN,2024-02-28T23:00:00.000Z
NCD_BMI_18C,"Prevalence of underweight among adults, BMI < 18 (crude estimate) (%)",numeric,AFR,Africa,Country,BEN,Benin,Year,2022,True,Sex,Both sexes,SEX_BTSX,Age Group,18+  years,AGEGROUP_YEARS18-PLUS,,,,,,,7.97,,,5.68,,10.86,8.0 [5.7-10.9],,,EN,2024-02-28T23:00:00.000Z
NCD_BMI_18C,"Prevalence of underweight among adults, BMI < 18 (crude estimate) (%)",numeric,WPR,Western Pacific,Country,LAO,Lao People's Democratic Republic,Year,2022,True,Sex,Both sexes,SEX_BTSX,Age Group,18+  years,AGEGROUP_YEARS18-PLUS,,,,,,,8.11,,,5.16,,11.61,8.1 [5.2-11.6],,,EN,2024-02-28T23:00:00.000Z
NCD_BMI_18C,"Prevalence of underweight among adults, BMI < 18 (crude estimate) (%)",numeric,AFR,Africa,Country,ZMB,Zambia,Year,2022,True,Sex,Both sexes,SEX_BTSX,Age Group,18+  years,AGEGROUP_YEARS18-PLUS,,,,,,,8.05,,,5.67,,10.91,8.1 [5.7-10.9],,,EN,2024-02-28T23:00:00.000Z
NCD_BMI_18C,"Prevalence of underweight among adults, BMI < 18 (crude estimate) (%)",numeric,EMR,Eastern Mediterranean,Country,PAK,Pakistan,Year,2022,True,Sex,Both sexes,SEX_BTSX,Age Group,18+  years,AGEGROUP_YEARS18-PLUS,,,,,,,8.4,,,6.63,,10.4,8.4 [6.6-10.4],,,EN,2024-02-28T23:00:00.000Z
NCD_BMI_18C,"Prevalence of underweight among adults, BMI < 18 (crude estimate) (%)",numeric,AFR,Africa,Country,MRT,Mauritania,Year,2022,True,Sex,Both sexes,SEX_BTSX,Age Group,18+  years,AGEGROUP_YEARS18-PLUS,,,,,,,8.54,,,5.03,,13.23,8.5 [5.0-13.2],,,EN,2024-02-28T23:00:00.000Z
NCD_BMI_18C,"Prevalence of underweight among adults, BMI < 18 (crude estimate) (%)",numeric,AFR,Africa,Country,RWA,Rwanda,Year,2022,True,Sex,Both sexes,SEX_BTSX,Age Group,18+  years,AGEGROUP_YEARS18-PLUS,,,,,,,8.59,,,6.83,,10.62,8.6 [6.8-10.6],,,EN,2024-02-28T23:00:00.000Z
NCD_BMI_18C,"Prevalence of underweight among adults, BMI < 18 (crude estimate) (%)",numeric,SEAR,South-East Asia,Country,IDN,Indonesia,Year,2022,True,Sex,Both sexes,SEX_BTSX,Age Group,18+  years,AGEGROUP_YEARS18-PLUS,,,,,,,8.73,,,6.7,,10.98,8.7 [6.7-11.0],,,EN,2024-02-28T23:00:00.000Z
NCD_BMI_18C,"Prevalence of underweight among adults, BMI < 18 (crude estimate) (%)",numeric,WPR,Western Pacific,Country,JPN,Japan,Year,2022,True,Sex,Both sexes,SEX_BTSX,Age Group,18+  years,AGEGROUP_YEARS18-PLUS,,,,,,,8.93,,,7.44,,10.49,8.9 [7.4-10.5],,,EN,2024-02-28T23:00:00.000Z
NCD_BMI_18C,"Prevalence of underweight among adults, BMI < 18 (crude estimate) (%)",numeric,AFR,Africa,Country,GNQ,Equatorial Guinea,Year,2022,True,Sex,Both sexes,SEX_BTSX,Age Group,18+  years,AGEGROUP_YEARS18-PLUS,,,,,,,9.01,,,3.73,,16.58,9.0 [3.7-16.6],,,EN,2024-02-28T23:00:00.000Z
NCD_BMI_18C,"Prevalence of underweight among adults, BMI < 18 (crude estimate) (%)",numeric,SEAR,South-East Asia,Country,PRK,Democratic People's Republic of Korea,Year,2022,True,Sex,Both sexes,SEX_BTSX,Age Group,18+  years,AGEGROUP_YEARS18-PLUS,,,,,,,9.34,,,4.02,,16.95,9.3 [4.0-16.9],,,EN,2024-02-28T23:00:00.000Z
NCD_BMI_18C,"Prevalence of underweight among adults, BMI < 18 (crude estimate) (%)",numeric,AFR,Africa,Country,MLI,Mali,Year,2022,True,Sex,Both sexes,SEX_BTSX,Age Group,18+  years,AGEGROUP_YEARS18-PLUS,,,,,,,9.28,,,6.33,,12.86,9.3 [6.3-12.9],,,EN,2024-02-28T23:00:00.000Z
NCD_BMI_18C,"Prevalence of underweight among adults, BMI < 18 (crude estimate) (%)",numeric,AFR,Africa,Country,GNB,Guinea-Bissau,Year,2022,True,Sex,Both sexes,SEX_BTSX,Age Group,18+  years,AGEGROUP_YEARS18-PLUS,,,,,,,9.4,,,5.07,,15.35,9.4 [5.1-15.4],,,EN,2024-02-28T23:00:00.000Z
NCD_BMI_18C,"Prevalence of underweight among adults, BMI < 18 (crude estimate) (%)",numeric,AFR,Africa,Country,NGA,Nigeria,Year,2022,True,Sex,Both sexes,SEX_BTSX,Age Group,18+  years,AGEGROUP_YEARS18-PLUS,,,,,,,9.61,,,7.24,,12.23,9.6 [7.2-12.2],,,EN,2024-02-28T23:00:00.000Z
NCD_BMI_18C,"Prevalence of underweight among adults, BMI < 18 (crude estimate) (%)",numeric,AFR,Africa,Country,AGO,Angola,Year,2022,True,Sex,Both sexes,SEX_BTSX,Age Group,18+  years,AGEGROUP_YEARS18-PLUS,,,,,,,9.81,,,5.18,,15.39,9.8 [5.2-15.4],,,EN,2024-02-28T23:00:00.000Z
NCD_BMI_18C,"Prevalence of underweight among adults, BMI < 18 (crude estimate) (%)",numeric,AFR,Africa,Country,GIN,Guinea,Year,2022,True,Sex,Both sexes,SEX_BTSX,Age Group,18+  years,AGEGROUP_YEARS18-PLUS,,,,,,,9.79,,,6.38,,14.0,9.8 [6.4-14.0],,,EN,2024-02-28T23:00:00.000Z
NCD_BMI_18C,"Prevalence of underweight among adults, BMI < 18 (crude estimate) (%)",numeric,WPR,Western Pacific,Country,PHL,Philippines,Year,2022,True,Sex,Both sexes,SEX_BTSX,Age Group,18+  years,AGEGROUP_YEARS18-PLUS,,,,,,,9.87,,,7.45,,12.7,9.9 [7.4-12.7],,,EN,2024-02-28T23:00:00.000Z
NCD_BMI_18C,"Prevalence of underweight among adults, BMI < 18 (crude estimate) (%)",numeric,SEAR,South-East Asia,Country,NPL,Nepal,Year,2022,True,Sex,Both sexes,SEX_BTSX,Age Group,18+  years,AGEGROUP_YEARS18-PLUS,,,,,,,9.93,,,8.07,,12.03,9.9 [8.1-12.0],,,EN,2024-02-28T23:00:00.000Z
